JOB,DNG,LOCATION,SUBJOB_COMBINED,REG HR_mean,REG HR_median,sample_size,REG_HR_mode,REG RT_mean,REG RT_median,REG_RT_mode,OT HR_mean,OT HR_median,OT_HR_mode,OT RT_mean,OT RT_median,totalpay_mean,totalpay_median
(deleted option),DAY,NEPTUNE,,7.571428571428571,7.5,28,7.5,65.94821428571429,55.3,55.3,1.0185185185185186,1.0,0.5,98.02232142857143,82.95,600.3710714285714,539.175
(deleted option),DAY,PORT MOODY,,4.714285714285714,6.5,7,7.5,61.278571428571425,55.3,55.3,0.375,0.5,0.5,330.0364285714286,82.95,729.2935714285715,462.225
(deleted option),DAY,VAN WHARVES,,5.333333333333333,4.5,3,4.0,60.03333333333333,56.15,53.17,2.25,2.25,0.5,99.40833333333335,106.17,499.0,583.935
(deleted option),GRAVEYARD,NEPTUNE,,6.9,7.5,5,7.5,86.21,86.05,86.05,0.7,0.5,0.5,129.21999999999997,129.075,685.13,709.9125
(deleted option),GRAVEYARD,PORT MOODY,,6.0,6.0,5,6.0,84.976,85.07,86.85,0.8,0.5,0.5,96.1855,127.605,605.5865,586.04
(deleted option),GRAVEYARD,VAN WHARVES,,7.5,7.5,2,7.5,83.9,83.9,82.73,,,,125.85,125.85,629.25,629.25
(deleted option),NIGHT,NEPTUNE,,6.166666666666667,7.5,36,7.5,72.51694444444445,69.67,69.67,2.3823529411764706,0.5,0.5,108.439375,104.505,699.7445833333334,574.7775
(deleted option),NIGHT,PORT MOODY,,7.5,7.5,1,7.5,88.48,88.48,88.48,0.5,0.5,0.5,132.72,132.72,729.96,729.96
40 TON (TOP PICK),DAY,CENTENNIAL,,8.92081447963801,9.0,221,9.0,64.27651583710407,56.3,56.3,0.056910569105691054,0.0,0.0,95.64079185520363,83.95,576.8996832579186,506.7
40 TON (TOP PICK),DAY,DELTAPORT,,9.0,9.0,1,9.0,56.3,56.3,56.3,,,,83.95,83.95,586.455,586.455
40 TON (TOP PICK),DAY,LYNNTERM,,9.0,9.0,2,9.0,56.3,56.3,56.3,,,,83.95,83.95,506.7,506.7
40 TON (TOP PICK),DAY,VANTERM,,8.844262295081966,9.0,122,9.0,60.583114754098354,56.3,56.3,0.11057692307692307,0.0,0.0,90.26225409836066,83.95,545.0833401639344,506.7
40 TON (TOP PICK),GRAVEYARD,CENTENNIAL,,12.012048192771084,7.5,166,7.5,88.33692771084337,87.05,87.05,0.08737864077669903,0.0,0.0,130.1942469879518,130.075,1062.0711445783134,652.875
40 TON (TOP PICK),GRAVEYARD,VANTERM,,19.619402985074625,9.0,67,9.0,88.49373134328359,87.05,87.05,0.11403508771929824,0.0,0.0,130.29917910447762,130.075,1760.9975746268658,783.45
40 TON (TOP PICK),NIGHT,CENTENNIAL,,8.963414634146341,9.0,123,9.0,74.76260162601626,70.67,70.67,0.0125,0.0,0.0,111.6928861788618,105.505,670.4475203252032,636.03
40 TON (TOP PICK),NIGHT,VANTERM,,8.78125,9.0,32,9.0,74.9075,70.67,70.67,0.125,0.0,0.0,111.86125,105.505,671.8965625,636.03
BULK OPERATOR,DAY,FIBRECO,,4.0,4.0,1,4.0,56.3,56.3,56.3,,,,83.95,83.95,225.2,225.2
BULK OPERATOR,DAY,NEPTUNE,,7.355555555555555,7.5,90,7.5,68.04333333333332,56.45,56.45,0.6588235294117647,0.5,0.5,112.62555555555555,84.1,671.1623055555556,465.425
BULK OPERATOR,DAY,PORT MOODY,,7.636363636363637,7.5,11,7.5,65.00454545454545,56.45,56.3,0.5,0.5,0.5,96.97727272727273,84.1,543.6909090909091,548.675
BULK OPERATOR,DAY,VAN WHARVES,,7.607142857142857,7.5,28,7.5,70.57178571428571,68.06,56.5,0.7884615384615384,0.5,0.5,102.42750000000001,93.12,616.2471428571428,576.7149999999999
BULK OPERATOR,GRAVEYARD,NEPTUNE,,6.0,6.0,34,6.0,87.84088235294118,87.05,82.73,1.275,0.5,0.5,112.04191176470587,130.075,623.1513235294118,587.3375
BULK OPERATOR,GRAVEYARD,PORT MOODY,,7.0,7.0,6,7.0,87.52999999999999,87.05,87.05,0.75,0.75,0.0,130.87833333333333,130.075,645.43125,639.6175000000001
BULK OPERATOR,GRAVEYARD,VAN WHARVES,,6.0,6.0,4,6.0,88.315,88.265,87.05,0.875,1.0,1.0,131.9475,131.89749999999998,645.1225,652.375
BULK OPERATOR,NIGHT,NEPTUNE,,6.875,7.5,88,7.5,76.6775,70.745,70.67,1.108974358974359,0.5,0.5,114.0322159090909,105.5825,645.4716761363636,583.34
BULK OPERATOR,NIGHT,PORT MOODY,,7.375,7.5,8,7.5,77.0025,70.77000000000001,70.67,0.5,0.5,0.5,115.045,105.60749999999999,616.0303125,582.7775
BULK OPERATOR,NIGHT,VAN WHARVES,,7.105263157894737,7.5,19,7.5,73.72947368421053,70.82,70.67,1.5,1.5,1.5,110.3107894736842,105.66,672.7206578947369,688.2825
BULLDOZER,DAY,CHEMTRADE,,9.0,9.0,1,9.0,85.07,85.07,85.07,,,,127.605,127.605,765.63,765.63
BULLDOZER,DAY,NEPTUNE,,7.0,7.5,14,7.5,62.465714285714284,55.3,55.3,0.5,0.5,0.5,93.37714285714286,82.95,481.6064285714286,456.225
BULLDOZER,GRAVEYARD,NEPTUNE,,6.0,6.0,3,6.0,86.05,86.05,86.05,1.5,1.5,1.5,129.075,129.075,709.9125,709.9125
BULLDOZER,NIGHT,NEPTUNE,,7.5,7.5,1,7.5,88.48,88.48,88.48,0.5,0.5,0.5,132.72,132.72,729.96,729.96
BULLDOZER,NIGHT,VAN WHARVES,,7.5,7.5,2,7.5,79.075,79.075,69.67,1.25,1.25,1.0,118.6125,118.6125,744.855,744.855
BUNNY BUS,DAY,CENTENNIAL,,8.366666666666667,9.0,15,9.0,62.653999999999996,55.3,55.3,,,,93.786,82.95,528.8626666666667,497.7
BUNNY BUS,DAY,NEPTUNE,,7.5,7.5,3,7.5,71.52,70.78,55.3,0.5,0.5,0.5,107.28000000000002,106.17,590.04,583.935
BUNNY BUS,DAY,VANTERM,,10.333333333333334,7.5,3,7.5,65.62,70.78,70.78,0.5,0.5,0.5,98.43,106.17,684.2233333333334,583.935
BUNNY BUS,GRAVEYARD,CENTENNIAL,,7.5,7.5,35,7.5,87.184,86.05,86.05,0.3333333333333333,0.0,0.0,130.77599999999998,129.075,661.3598571428572,645.375
BUNNY BUS,GRAVEYARD,VANTERM,,8.0,8.0,1,8.0,53.67,53.67,53.67,,,,80.255,80.255,429.36,429.36
BUNNY BUS,NIGHT,CENTENNIAL,,9.0,9.0,7,9.0,75.04428571428572,69.67,69.67,,,,112.56642857142856,104.505,675.3985714285715,627.03
BUNNY BUS,NIGHT,NEPTUNE,,7.5,7.5,1,7.5,89.13,89.13,89.13,0.5,0.5,0.5,133.37,133.37,735.16,735.16
CARPENTER,NIGHT,CARGILL,,10.0,10.0,1,10.0,72.17,72.17,72.17,0.5,0.5,0.5,107.005,107.005,828.3725,828.3725
DOCK CHECKER,DAY,CANADA PLACE,,7.0,7.0,24,7.0,64.55499999999999,55.8,55.8,1.9583333333333333,2.0,2.0,96.5825,83.45,640.6054166666667,557.5
DOCK CHECKER,DAY,LYNNTERM,,4.714285714285714,4.0,7,4.0,58.01142857142857,55.8,55.8,0.6666666666666666,1.0,1.0,86.76714285714286,83.45,295.74571428571426,285.12
DOCK CHECKER,DAY,NEPTUNE,,7.5,7.5,61,7.5,59.707868852459015,55.8,55.8,1.2950819672131149,1.0,1.0,89.3527868852459,83.45,563.2484426229508,501.95
DOCK CHECKER,GRAVEYARD,NEPTUNE,,7.0,7.5,3,7.5,84.98,82.73,82.73,2.0,2.0,2.0,127.13666666666666,124.095,681.4233333333333,620.475
DOCK CHECKER,NIGHT,LYNNTERM,,4.0,4.0,1,4.0,70.17,70.17,70.17,,,,105.005,105.005,280.68,280.68
DOCK CHECKER,NIGHT,NEPTUNE,,7.5,7.5,1,7.5,88.98,88.98,88.98,1.5,1.5,1.5,88.98,88.98,800.82,800.82
DOCK CHECKER,NIGHT,RICHARDSON,,7.5,7.5,1,7.5,70.17,70.17,70.17,0.5,0.5,0.5,105.005,105.005,578.7775,578.7775
DOCK GANTRY,DAY,CENTENNIAL,,4.0,4.0,1,4.0,111.6,111.6,111.6,,,,166.9,166.9,446.4,446.4
DOCK GANTRY,DAY,VANTERM,,4.0,4.0,1,4.0,53.17,53.17,53.17,,,,79.755,79.755,212.68,212.68
DOCK GANTRY,GRAVEYARD,CENTENNIAL,,2.7142857142857144,3.5,7,0.0,88.09142857142857,87.05,87.05,3.75,5.0,5.0,131.63714285714283,130.075,520.2178571428572,650.375
DOCK GANTRY,GRAVEYARD,VANTERM,,1.0714285714285714,0.0,7,0.0,88.09142857142857,87.05,87.05,5.166666666666667,5.0,5.0,131.63714285714283,130.075,677.6457142857143,650.375
DOCK GANTRY,NIGHT,CENTENNIAL,,0.0,0.0,1,0.0,89.48,89.48,89.48,5.0,5.0,5.0,133.72,133.72,668.6,668.6
DOCK GANTRY,NIGHT,VANTERM,,0.0,0.0,1,0.0,15.0,15.0,15.0,5.0,5.0,5.0,111.06,111.06,555.3,555.3
DOW MEN,DAY,UNIVAR,,8.5,8.5,2,8.5,53.17,53.17,53.17,,,,79.755,79.755,451.945,451.945
DOW MEN,GRAVEYARD,CENTENNIAL,,2.5,2.5,1,2.5,88.48,88.48,88.48,,,,132.72,132.72,324.955,324.955
DOW MEN,NIGHT,UNIVAR,,8.666666666666666,8.5,6,8.5,66.98,66.98,66.98,,,,66.98,100.47,580.4933333333333,569.33
ELECTRICIAN,DAY,CENTENNIAL,,8.5,8.5,1,8.5,57.8,57.8,57.8,,,,85.45,85.45,491.3,491.3
ELECTRICIAN,DAY,DELTAPORT,,7.384955752212389,7.5,113,7.5,64.47221238938053,57.8,57.8,1.3027522935779816,1.5,1.5,95.49150442477877,85.45,600.1766371681415,561.675
ELECTRICIAN,DAY,NEPTUNE,,6.625,7.5,4,7.5,71.625,57.8,57.8,1.5,1.5,1.5,106.1875,85.45,613.8499999999999,561.675
ELECTRICIAN,DAY,VANTERM,,5.666666666666667,4.0,3,4.0,57.79999999999999,57.8,57.8,1.0,1.0,1.0,85.45,85.45,384.5,316.65
ELECTRICIAN,GRAVEYARD,DELTAPORT,,6.0,6.0,17,6.0,90.85176470588236,88.55,88.55,1.3666666666666667,1.5,1.5,135.0276470588235,131.575,724.0041176470588,728.6625
ELECTRICIAN,GRAVEYARD,NEPTUNE,,5.666666666666667,6.0,3,3.0,125.42666666666666,88.55,82.73,0.5,0.5,0.5,113.70666666666666,124.095,821.3591666666666,558.4275
ELECTRICIAN,NIGHT,CENTENNIAL,,8.5,8.5,1,8.5,72.17,72.17,72.17,,,,107.005,107.005,613.445,613.445
ELECTRICIAN,NIGHT,DELTAPORT,,7.589285714285714,7.5,28,7.5,76.87250000000002,72.17,72.17,1.3888888888888888,1.0,1.0,114.05875,107.005,758.2965178571429,725.87125
ELECTRICIAN,NIGHT,NEPTUNE,,6.5625,7.5,8,7.5,74.52125000000001,72.17,72.17,2.3125,1.5,1.5,110.531875,107.005,749.2796875,701.7825
ELECTRICIAN,NIGHT,PORT MOODY,,7.5,7.5,1,7.5,72.17,72.17,72.17,0.5,0.5,0.5,107.005,107.005,594.7775,594.7775
EXCAVATOR,NIGHT,NEPTUNE,,7.5,7.5,6,7.5,69.67,69.67,69.67,0.5,0.5,0.5,104.505,104.505,574.7775,574.7775
EXCAVATOR,NIGHT,VAN WHARVES,,7.5,7.5,1,7.5,69.67,69.67,69.67,0.5,0.5,0.5,104.505,104.505,574.7775,574.7775
FIRST AID,DAY,CANADA PLACE,DOCK (FA),8.0,8.0,1,8.0,55.8,55.8,55.8,1.5,1.5,1.5,83.45,83.45,571.575,571.575
FIRST AID,DAY,CANADA PLACE,SHIP (FA),8.0,8.0,1,8.0,55.8,55.8,55.8,1.5,1.5,1.5,83.45,83.45,571.575,571.575
FIRST AID,DAY,CARGILL,STORES (FA),100.0,100.0,1,100.0,56.3,56.3,56.3,20.0,20.0,20.0,83.95,83.95,7309.0,7309.0
FIRST AID,DAY,CASCADIA,SHIP (FA),8.0,8.0,1,8.0,55.8,55.8,55.8,0.5,0.5,0.5,83.45,83.45,488.125,488.125
FIRST AID,DAY,CENTENNIAL,DOCK (FA),7.972727272727273,8.0,55,8.0,65.62927272727273,55.8,53.67,0.9818181818181818,1.0,1.0,98.19390909090909,83.45,620.5630454545454,529.85
FIRST AID,DAY,CENTENNIAL,SHIP (FA),8.0,8.0,3,8.0,60.053333333333335,55.8,55.8,0.6666666666666666,0.5,0.5,89.83,83.45,542.44,488.125
FIRST AID,DAY,DELTAPORT,,9.0,9.0,2,9.0,53.67,53.67,53.67,0.0,0.0,0.0,80.505,80.505,562.785,562.785
FIRST AID,DAY,DELTAPORT,DOCK (FA),7.6923076923076925,8.0,13,8.0,58.143076923076926,55.8,55.8,0.625,0.5,0.5,87.02230769230769,83.45,566.5553846153846,567.88
FIRST AID,DAY,DELTAPORT,SHIP (FA),8.0,8.0,2,8.0,72.39,72.39,55.8,0.75,0.75,0.5,108.33500000000001,108.33500000000001,694.0275,694.0275
FIRST AID,DAY,FRASER SURREY,DOCK (FA),8.818181818181818,9.0,11,9.0,61.58545454545454,55.8,55.8,0.8181818181818182,0.5,0.5,92.19636363636363,83.45,695.4427272727272,626.875
FIRST AID,DAY,FRASER SURREY,SHIP (FA),8.444444444444445,8.0,9,8.0,66.61333333333333,55.8,55.8,0.8,0.5,0.5,99.67,83.45,681.1383333333333,721.275
FIRST AID,DAY,LYNNTERM,DOCK (FA),8.0,8.0,4,8.0,55.8,55.8,55.8,0.875,1.0,1.0,83.45,83.45,519.41875,529.85
FIRST AID,DAY,LYNNTERM,SHIP (FA),8.0,8.0,2,8.0,55.8,55.8,55.8,1.0,1.0,1.0,83.45,83.45,529.85,529.85
FIRST AID,DAY,NEPTUNE,DOCK (FA),7.923076923076923,8.0,13,8.0,56.99076923076923,55.8,55.8,1.5,1.5,1.5,85.23615384615384,83.45,579.488076923077,571.575
FIRST AID,DAY,NEPTUNE,STORES (FA),8.0,8.0,1,8.0,56.3,56.3,56.3,1.5,1.5,1.5,83.95,83.95,576.325,576.325
FIRST AID,DAY,PORT MOODY,DOCK (FA),8.0,8.0,5,8.0,62.436,55.8,55.8,0.7,0.5,0.5,93.404,83.45,567.857,488.125
FIRST AID,DAY,PORT MOODY,STORES (FA),8.0,8.0,5,8.0,56.3,56.3,56.3,1.0,1.0,1.0,83.95,83.95,534.35,534.35
FIRST AID,DAY,VAN WHARVES,DOCK (FA),7.728571428571429,8.0,35,8.0,61.26714285714286,55.8,55.8,1.3428571428571427,1.5,1.5,91.63000000000001,83.45,608.6711428571429,571.575
FIRST AID,DAY,VAN WHARVES,SHIP (FA),8.0,8.0,7,8.0,62.75142857142857,55.8,55.8,0.5,0.5,0.5,93.87714285714286,83.45,548.95,488.125
FIRST AID,DAY,VAN WHARVES,STORES (FA),8.0,8.0,4,8.0,64.095,55.8,55.3,1.5,1.5,1.5,96.2675,83.95,657.16125,572.325
FIRST AID,DAY,VANTERM,DOCK (FA),8.0,8.0,7,8.0,74.44285714285715,71.28,88.98,1.0,1.0,1.0,111.41428571428571,106.67,707.1949999999999,623.575
FIRST AID,DAY,WATERFRONT TRAIN. CNTR,DOCK (FA),8.0,8.0,6,8.0,55.79999999999999,55.8,55.8,0.375,0.25,0.25,83.45,83.45,477.69374999999997,467.2625
FIRST AID,GRAVEYARD,CENTENNIAL,DOCK (FA),6.5,6.5,57,6.5,85.99964912280703,85.57,83.23,1.0,1.0,1.0,128.74947368421053,128.105,687.7471929824562,684.31
FIRST AID,GRAVEYARD,DELTAPORT,DOCK (FA),6.5,6.5,3,6.5,85.11666666666666,85.57,83.23,0.5,0.5,0.5,127.42666666666666,128.105,696.7266666666666,700.0125
FIRST AID,GRAVEYARD,DELTAPORT,SHIP (FA),6.5,6.5,1,6.5,83.23,83.23,83.23,0.5,0.5,0.5,124.595,124.595,683.0475,683.0475
FIRST AID,GRAVEYARD,FRASER SURREY,DOCK (FA),7.166666666666667,7.5,3,7.5,87.36,86.55,86.55,0.8333333333333334,0.5,0.5,130.79,129.575,815.0966666666667,793.6675
FIRST AID,GRAVEYARD,FRASER SURREY,SHIP (FA),7.25,7.5,4,7.5,86.55,86.55,86.55,0.5,0.5,0.5,129.575,129.575,716.793125,728.88
FIRST AID,GRAVEYARD,G3,DOCK (FA),7.5,7.5,1,7.5,88.98,88.98,88.98,0.5,0.5,0.5,133.22,133.22,733.96,733.96
FIRST AID,GRAVEYARD,NEPTUNE,DOCK (FA),6.5,6.5,13,6.5,87.48461538461538,86.55,86.55,0.5769230769230769,0.5,0.5,130.97692307692307,129.575,644.2459615384615,627.3625
FIRST AID,GRAVEYARD,NEPTUNE,SHIP (FA),6.5,6.5,2,6.5,89.23,89.23,88.98,1.0,1.0,0.5,133.22,133.22,713.215,713.215
FIRST AID,GRAVEYARD,PORT MOODY,DOCK (FA),6.5,6.5,1,6.5,88.98,88.98,88.98,0.5,0.5,0.5,133.22,133.22,644.98,644.98
FIRST AID,GRAVEYARD,PORT MOODY,SHIP (FA),6.5,6.5,3,6.5,86.55,86.55,86.55,0.6666666666666666,0.5,0.5,129.575,129.575,648.9583333333334,627.3625
FIRST AID,GRAVEYARD,PORT MOODY,STORES (FA),6.5,6.5,1,6.5,87.05,87.05,87.05,1.0,1.0,1.0,130.075,130.075,695.9,695.9
FIRST AID,GRAVEYARD,VAN WHARVES,DOCK (FA),6.5,6.5,3,6.5,86.55,86.55,86.55,0.8333333333333334,0.5,0.5,129.575,129.575,670.5541666666667,627.3625
FIRST AID,GRAVEYARD,VAN WHARVES,SHIP (FA),6.5,6.5,2,6.5,88.24000000000001,88.24000000000001,87.0,1.5,1.5,1.5,131.64749999999998,131.64749999999998,771.03125,771.03125
FIRST AID,GRAVEYARD,VAN WHARVES,STORES (FA),6.5,6.5,1,6.5,86.07,86.07,86.07,0.5,0.5,0.5,128.605,128.605,623.7575,623.7575
FIRST AID,NIGHT,CENTENNIAL,DOCK (FA),8.0,8.0,6,8.0,76.44,70.17,70.17,1.0,1.0,1.0,114.41000000000001,105.005,725.93,666.365
FIRST AID,NIGHT,CENTENNIAL,SHIP (FA),8.0,8.0,2,8.0,70.17,70.17,70.17,1.0,1.0,1.0,105.005,105.005,666.365,666.365
FIRST AID,NIGHT,DELTAPORT,DOCK (FA),8.0,8.0,1,8.0,70.17,70.17,70.17,0.5,0.5,0.5,105.005,105.005,667.0325,667.0325
FIRST AID,NIGHT,DELTAPORT,SHIP (FA),8.0,8.0,1,8.0,88.98,88.98,88.98,1.0,1.0,1.0,133.22,133.22,924.815,924.815
FIRST AID,NIGHT,FRASER SURREY,DOCK (FA),8.5,8.5,2,8.0,79.575,79.575,70.17,0.5,0.5,0.5,119.1125,119.1125,810.99625,810.99625
FIRST AID,NIGHT,FRASER SURREY,SHIP (FA),8.5,8.5,4,8.0,70.17,70.17,70.17,0.5,0.5,0.5,105.005,105.005,689.15875,689.15875
FIRST AID,NIGHT,LYNNTERM,DOCK (FA),8.0,8.0,1,8.0,70.17,70.17,70.17,0.5,0.5,0.5,105.005,105.005,613.8625,613.8625
FIRST AID,NIGHT,NEPTUNE,DOCK (FA),8.0,8.0,1,8.0,88.98,88.98,88.98,0.5,0.5,0.5,133.22,133.22,778.45,778.45
FIRST AID,NIGHT,NEPTUNE,STORES (FA),8.0,8.0,2,8.0,80.075,80.075,70.67,0.5,0.5,0.5,119.6125,119.6125,700.40625,700.40625
FIRST AID,NIGHT,PORT MOODY,DOCK (FA),8.0,8.0,8,8.0,74.81,70.17,70.17,0.9375,1.0,1.0,112.05875,105.005,702.2125,666.365
FIRST AID,NIGHT,PORT MOODY,STORES (FA),8.0,8.0,10,8.0,76.313,70.67,70.67,1.1,1.0,1.0,113.9695,105.505,735.024,670.865
FIRST AID,NIGHT,VAN WHARVES,DOCK (FA),8.0,8.0,1,8.0,111.0,111.0,111.0,0.5,0.5,0.5,111.0,111.0,943.5,943.5
FIRST AID,NIGHT,VAN WHARVES,SHIP (FA),8.0,8.0,1,8.0,88.98,88.98,88.98,0.5,0.5,0.5,133.22,133.22,778.45,778.45
FIRST AID,NIGHT,VAN WHARVES,STORES (FA),7.75,7.75,2,7.5,78.08000000000001,78.08000000000001,67.18,0.75,0.75,0.5,117.195,117.195,699.8725,699.8725
FIRST AID,NIGHT,VANTERM,DOCK (FA),8.0,8.0,2,8.0,88.98,88.98,88.98,1.0,1.0,1.0,133.22,133.22,845.06,845.06
FRONT END LOADER,DAY,FIBRECO,,9.0,9.0,1,9.0,53.17,53.17,53.17,,,,0.0,0.0,478.53,478.53
FRONT END LOADER,DAY,NEPTUNE,,7.5,7.5,16,7.5,67.390625,55.7,55.3,0.75,0.5,0.5,100.93125,83.35,580.6753125,528.79125
FRONT END LOADER,DAY,PORT MOODY,,7.5,7.5,1,7.5,55.3,55.3,55.3,0.5,0.5,0.5,82.95,82.95,456.225,456.225
FRONT END LOADER,DAY,VAN WHARVES,,7.125,7.5,28,7.5,63.27178571428571,56.15,55.3,1.3269230769230769,1.5,1.5,99.91428571428571,104.13,599.4108035714286,587.335
FRONT END LOADER,GRAVEYARD,NEPTUNE,,6.21875,6.0,16,6.0,81.913125,86.05,86.05,0.46875,0.5,0.5,126.11093749999999,129.075,600.31875,595.49
FRONT END LOADER,GRAVEYARD,VAN WHARVES,,6.0,6.0,5,6.0,86.39,86.05,86.05,1.3,1.5,1.5,129.417,129.075,686.6505,709.9125
FRONT END LOADER,NIGHT,CHEMTRADE,,9.0,9.0,1,9.0,89.13,89.13,89.13,,,,132.72,132.72,802.17,802.17
FRONT END LOADER,NIGHT,NEPTUNE,,7.5,7.5,7,7.5,75.36142857142856,69.67,69.67,0.5,0.5,0.5,112.97928571428572,104.505,621.7003571428571,574.7775
FRONT END LOADER,NIGHT,VAN WHARVES,,6.818181818181818,7.5,11,7.5,75.94272727272727,70.52,69.67,1.6363636363636365,0.5,0.5,113.7990909090909,105.36,707.9554545454546,686.94
GEARPERSON,DAY,LYNNTERM,,4.0,4.0,1,4.0,4.0,4.0,4.0,1.0,1.0,1.0,79.755,79.755,292.435,292.435
GEARPERSON,NIGHT,CENTENNIAL,,9.0,9.0,1,9.0,70.32,70.32,70.32,,,,105.155,105.155,632.88,632.88
HATCH TENDER/SIGNALS,DAY,CANADA PLACE,,7.0,7.0,1,7.0,56.3,56.3,56.3,2.0,2.0,2.0,83.95,83.95,562.0,562.0
HATCH TENDER/SIGNALS,DAY,CENTENNIAL,,6.5,6.5,2,4.0,56.3,56.3,56.3,,,,83.95,83.95,365.95,365.95
HATCH TENDER/SIGNALS,DAY,LYNNTERM,,7.0,7.0,1,7.0,56.3,56.3,56.3,2.0,2.0,2.0,83.95,83.95,562.0,562.0
HATCH TENDER/SIGNALS,NIGHT,FRASER SURREY,,9.0,9.0,1,9.0,70.67,70.67,70.67,0.0,0.0,0.0,105.505,105.505,636.03,636.03
HD MECHANIC,DAY,CENTENNIAL,,9.0,9.0,1,9.0,113.1,113.1,113.1,,,,168.4,168.4,1017.9,1017.9
HD MECHANIC,DAY,DELTAPORT,,6.833333333333333,7.5,12,7.5,65.95583333333333,57.8,55.67,0.75,0.5,0.5,94.36208333333333,85.45,504.03000000000003,508.57
HD MECHANIC,DAY,FRASER SURREY,,8.3125,9.0,8,9.0,77.5825,86.32,87.57,0.25,0.0,0.0,120.424375,128.85750000000002,675.393125,776.88
HD MECHANIC,DAY,LYNNTERM,,4.0,4.0,8,4.0,57.8,57.8,57.8,1.0,1.0,1.0,85.45,85.45,273.92499999999995,273.92499999999995
HD MECHANIC,DAY,VANTERM,,4.9375,4.0,8,4.0,61.332499999999996,57.8,57.8,1.0,1.0,1.0,88.3525,85.45,340.3925,316.65
HD MECHANIC,GRAVEYARD,CENTENNIAL,,7.25,7.25,2,7.0,90.98,90.98,90.98,,,,135.22,135.22,659.605,659.605
HD MECHANIC,GRAVEYARD,DELTAPORT,,6.0,6.0,5,6.0,72.03999999999999,88.55,88.55,0.5,0.5,0.5,118.271,131.575,595.765,597.0875
HD MECHANIC,GRAVEYARD,FRASER SURREY,,7.571428571428571,7.5,7,8.0,86.23285714285714,85.23,85.23,0.14285714285714285,0.0,0.0,91.43142857142857,126.6,671.2542857142856,681.84
HD MECHANIC,GRAVEYARD,LYNNTERM,,0.0,0.0,1,0.0,0.0,0.0,0.0,6.5,6.5,6.5,131.575,131.575,855.2375,855.2375
HD MECHANIC,GRAVEYARD,NEPTUNE,,8.0,8.0,1,8.0,88.55,88.55,88.55,,,,131.575,131.575,708.4,708.4
HD MECHANIC,GRAVEYARD,VANTERM,,7.333333333333333,7.0,3,7.0,88.22333333333331,88.55,88.55,0.0,0.0,0.0,131.08666666666667,131.575,646.7533333333333,619.85
HD MECHANIC,NIGHT,CENTENNIAL,,7.0,7.0,1,7.0,90.98,90.98,90.98,,,,135.22,135.22,636.86,636.86
HD MECHANIC,NIGHT,DELTAPORT,,6.666666666666667,7.5,9,7.5,76.2088888888889,72.17,69.48,1.3333333333333333,0.5,0.5,113.34166666666667,107.005,656.1458333333334,594.7775
HD MECHANIC,NIGHT,FRASER SURREY,,8.956818181818182,9.0,22,9.0,73.37272727272727,69.48,69.48,0.0,0.0,0.0,104.3,102.97,657.3542727272727,625.32
HD MECHANIC,NIGHT,VANTERM,,7.333333333333333,6.5,3,6.5,89.36,88.55,88.55,,,,132.79,131.575,656.6566666666668,575.575
HEAD CHECKER,DAY,CENTENNIAL,CANOPY (HC),8.333333333333334,8.0,24,8.0,60.650000000000006,55.95,55.95,1.736842105263158,2.0,2.0,90.64999999999999,83.6,625.7575,614.8
HEAD CHECKER,DAY,CENTENNIAL,EQUIP. CONTROL (HC),7.944134078212291,8.0,179,8.0,59.500111731843575,55.95,55.95,2.0195530726256985,2.0,2.0,89.165,83.6,652.6014525139664,614.8
HEAD CHECKER,DAY,CENTENNIAL,GOPHER (HC),8.045454545454545,8.0,22,8.0,59.656363636363636,55.95,55.95,1.0,1.0,1.0,89.19590909090908,83.6,565.19,531.2
HEAD CHECKER,DAY,CENTENNIAL,INGATE (HC),8.235294117647058,8.0,34,8.0,61.41676470588236,55.95,55.95,1.2666666666666666,1.0,1.0,89.36044117647057,83.6,603.9255882352942,559.175
HEAD CHECKER,DAY,CENTENNIAL,OUTGATE (HC),8.5,8.5,2,8.0,63.690000000000005,63.690000000000005,55.95,2.0,2.0,2.0,95.21,95.21,628.835,628.835
HEAD CHECKER,DAY,CENTENNIAL,PENTHOUSE (HC),8.071428571428571,8.0,28,8.0,56.88928571428572,55.95,53.82,2.111111111111111,2.0,2.0,85.67053571428572,83.6,632.18375,614.8
HEAD CHECKER,DAY,CENTENNIAL,RAIL (HC),8.724199288256228,9.0,281,9.0,60.96985765124555,55.95,55.95,1.2204301075268817,1.0,1.0,91.86727758007117,83.6,642.4448754448399,587.15
HEAD CHECKER,DAY,CENTENNIAL,RAIL PLANNER (HC),8.0,8.0,41,8.0,58.701219512195124,55.95,55.95,2.2439024390243905,2.0,2.0,87.72682926829268,83.6,665.4536585365853,614.8
HEAD CHECKER,DAY,CENTENNIAL,RAIL PLNR -GOPHER  (HC),8.857142857142858,9.0,14,9.0,63.06,55.95,55.95,1.1428571428571428,1.0,1.0,94.265,83.6,666.9399999999999,587.15
HEAD CHECKER,DAY,CENTENNIAL,REEFER (HC),7.95,8.0,40,8.0,60.318000000000005,55.95,55.95,1.1842105263157894,1.0,1.0,90.152,83.6,579.93375,531.2
HEAD CHECKER,DAY,CENTENNIAL,TOWER (HC),8.875527426160337,9.0,237,9.0,64.89518987341772,55.95,55.95,0.9285714285714286,1.0,1.0,96.41495780590716,83.6,593.1850421940928,503.55
HEAD CHECKER,DAY,CENTENNIAL,YARD PLANNER (HC),8.033112582781458,8.0,151,8.0,59.25907284768213,55.95,55.95,2.1198630136986303,2.0,2.0,87.90629139072847,83.6,657.3007947019868,614.8
HEAD CHECKER,DAY,LYNNTERM,CANOPY (HC),8.0,8.0,7,8.0,58.16142857142857,55.95,55.95,1.5,1.5,1.5,86.91714285714285,83.6,595.6671428571428,573.0
HEAD CHECKER,DAY,VANTERM,CANOPY (HC),7.733333333333333,8.0,60,8.0,59.30050000000001,55.95,55.95,1.8083333333333333,2.0,2.0,88.63325,83.6,616.5346666666667,614.8
HEAD CHECKER,DAY,VANTERM,EQUIP. CONTROL (HC),8.0,8.0,1,8.0,54.17,54.17,54.17,2.0,2.0,2.0,80.76,80.76,594.88,594.88
HEAD CHECKER,DAY,VANTERM,GOPHER (HC),7.7894736842105265,8.0,19,8.0,64.18,55.95,55.95,1.5526315789473684,1.5,2.0,95.99631578947367,83.6,645.6905263157894,614.8
HEAD CHECKER,DAY,VANTERM,INGATE (HC),7.864130434782608,8.0,92,8.0,60.194782608695654,55.95,55.95,1.8846153846153846,2.0,2.0,89.05146739130433,83.6,634.1667934782608,614.8
HEAD CHECKER,DAY,VANTERM,OUTGATE (HC),8.0,8.0,33,8.0,60.30636363636364,55.95,55.95,1.8484848484848484,2.0,2.0,90.13454545454545,83.6,647.5401515151515,614.8
HEAD CHECKER,DAY,VANTERM,PENTHOUSE (HC),8.0,8.0,30,8.0,60.400333333333336,55.95,53.17,1.8833333333333333,2.0,2.0,90.5515,83.6,651.0755833333334,614.8
HEAD CHECKER,DAY,VANTERM,RAIL (HC),8.0,8.0,36,8.0,59.48583333333334,55.95,54.17,1.8333333333333333,2.0,2.0,89.18791666666667,83.6,635.4570138888889,614.8
HEAD CHECKER,DAY,VANTERM,RAIL PLNR -GOPHER  (HC),8.0,8.0,1,8.0,55.95,55.95,55.95,2.0,2.0,2.0,83.6,83.6,614.8,614.8
HEAD CHECKER,DAY,VANTERM,TOWER (HC),7.982352941176471,8.0,170,8.0,62.46858823529411,55.95,55.95,0.9556213017751479,1.0,1.0,93.45144117647058,83.6,585.8896764705883,531.2
HEAD CHECKER,DAY,VANTERM,YARD PLANNER (HC),8.0,8.0,1,8.0,55.95,55.95,55.95,1.0,1.0,1.0,83.6,83.6,531.2,531.2
HEAD CHECKER,DAY,WATERFRONT TRAIN. CNTR,TOWER (HC),8.0,8.0,1,8.0,53.17,53.17,53.17,1.0,1.0,1.0,79.755,79.755,505.115,505.115
HEAD CHECKER,GRAVEYARD,ALLIANCE GRAIN,RAIL (HC),6.5,6.5,1,6.5,86.7,86.7,86.7,1.0,1.0,1.0,129.725,129.725,693.275,693.275
HEAD CHECKER,GRAVEYARD,CENTENNIAL,,7.5,7.5,1,7.5,86.07,86.07,86.07,,,,129.105,129.105,645.525,645.525
HEAD CHECKER,GRAVEYARD,CENTENNIAL,CANOPY (HC),7.25,7.5,4,7.5,87.67,87.91499999999999,89.13,1.0,1.0,1.0,131.18,131.5475,668.28125,668.475
HEAD CHECKER,GRAVEYARD,CENTENNIAL,EQUIP. CONTROL (HC),6.5,6.5,4,6.5,88.5225,89.13,89.13,2.25,1.0,1.0,132.45875,133.37,870.01125,712.715
HEAD CHECKER,GRAVEYARD,CENTENNIAL,GOPHER (HC),6.833333333333333,6.5,3,6.5,88.32,89.13,89.13,1.0,1.0,1.0,132.155,133.37,735.945,712.715
HEAD CHECKER,GRAVEYARD,CENTENNIAL,INGATE (HC),7.357142857142857,7.5,7,7.5,87.39428571428572,86.7,86.7,0.5,0.5,0.5,130.76642857142858,129.725,652.2507142857143,650.25
HEAD CHECKER,GRAVEYARD,CENTENNIAL,RAIL (HC),7.307339449541284,7.5,109,7.5,87.82063636363637,86.7,86.7,1.85,1.0,1.0,131.4579090909091,129.725,879.9047727272728,785.935
HEAD CHECKER,GRAVEYARD,CENTENNIAL,RAIL PLANNER (HC),6.78,6.5,25,6.5,88.0608,89.13,89.13,2.22,2.0,2.0,131.7662,133.37,890.4198,823.0
HEAD CHECKER,GRAVEYARD,CENTENNIAL,RAIL PLNR -GOPHER  (HC),7.428571428571429,7.5,14,7.5,87.56785714285715,86.7,86.7,1.5,1.0,1.0,131.02678571428572,129.725,846.7157142857143,790.9100000000001
HEAD CHECKER,GRAVEYARD,CENTENNIAL,TOWER (HC),7.4633699633699635,7.5,273,7.5,87.78714285714285,86.7,86.7,1.6111111111111112,1.0,0.0,131.40523809523808,129.725,690.1328571428571,650.25
HEAD CHECKER,GRAVEYARD,VANTERM,CANOPY (HC),6.5,6.5,8,6.5,87.5,87.91499999999999,89.13,0.5625,0.5,0.5,131.380625,133.37,642.7759375,638.1324999999999
HEAD CHECKER,GRAVEYARD,VANTERM,GOPHER (HC),6.5,6.5,1,6.5,86.7,86.7,86.7,1.0,1.0,1.0,129.725,129.725,693.275,693.275
HEAD CHECKER,GRAVEYARD,VANTERM,INGATE (HC),6.5,6.5,4,6.5,87.3075,86.7,86.7,1.5,1.5,1.5,130.63625,129.725,763.453125,758.1375
HEAD CHECKER,GRAVEYARD,VANTERM,OUTGATE (HC),6.5,6.5,2,6.5,87.91499999999999,87.91499999999999,86.7,1.5,1.5,1.5,131.5475,131.5475,768.76875,768.76875
HEAD CHECKER,GRAVEYARD,VANTERM,RAIL (HC),6.517857142857143,6.5,56,6.5,86.19107142857142,86.7,86.7,1.2,1.0,1.0,129.04866071428572,129.725,713.9999107142858,693.275
HEAD CHECKER,GRAVEYARD,VANTERM,TOWER (HC),6.502777777777778,6.5,180,6.5,86.83522222222223,86.7,86.7,0.7231638418079096,0.5,0.5,128.9573611111111,129.725,656.8107916666667,628.4125
HEAD CHECKER,NIGHT,CASCADIA,TOWER (HC),9.0,9.0,1,9.0,66.98,66.98,66.98,1.0,1.0,1.0,100.47,100.47,703.29,703.29
HEAD CHECKER,NIGHT,CENTENNIAL,CANOPY (HC),8.372549019607844,8.0,51,8.0,72.92352941176469,70.32,70.32,1.0869565217391304,1.0,1.0,109.58088235294117,105.155,718.3957843137255,667.715
HEAD CHECKER,NIGHT,CENTENNIAL,EQUIP. CONTROL (HC),8.0,8.0,41,8.0,73.10292682926828,70.32,70.32,1.1951219512195121,1.0,1.0,108.89048780487805,105.155,717.9918292682927,667.715
HEAD CHECKER,NIGHT,CENTENNIAL,GOPHER (HC),8.127659574468085,8.0,47,8.0,73.59212765957447,70.32,70.32,1.0454545454545454,1.0,1.0,110.06319148936171,105.155,705.74,667.715
HEAD CHECKER,NIGHT,CENTENNIAL,INGATE (HC),8.375,8.0,16,8.0,73.846875,70.32,70.32,1.0,1.0,1.0,110.4453125,105.155,731.1171875,667.715
HEAD CHECKER,NIGHT,CENTENNIAL,OUTGATE (HC),8.0,8.0,1,8.0,70.32,70.32,70.32,1.0,1.0,1.0,105.155,105.155,667.715,667.715
HEAD CHECKER,NIGHT,CENTENNIAL,PENTHOUSE (HC),8.0,8.0,7,8.0,69.56428571428572,66.98,66.98,1.5714285714285714,2.0,2.0,104.34642857142856,100.47,722.1485714285715,736.78
HEAD CHECKER,NIGHT,CENTENNIAL,RAIL (HC),8.756944444444445,9.0,144,9.0,73.14618055555555,70.32,70.32,1.1805555555555556,1.0,1.0,109.51052083333333,105.155,769.6810416666666,738.035
HEAD CHECKER,NIGHT,CENTENNIAL,RAIL PLANNER (HC),7.68,8.0,25,8.0,78.8612,70.32,70.32,2.12,2.0,2.0,117.9668,105.155,856.9394,772.87
HEAD CHECKER,NIGHT,CENTENNIAL,RAIL PLNR -GOPHER  (HC),8.666666666666666,9.0,3,9.0,83.96333333333332,70.32,70.32,1.0,1.0,1.0,125.62,105.155,857.85,738.035
HEAD CHECKER,NIGHT,CENTENNIAL,REEFER (HC),8.0,8.0,1,8.0,89.13,89.13,89.13,1.0,1.0,1.0,133.37,133.37,846.41,846.41
HEAD CHECKER,NIGHT,CENTENNIAL,TOWER (HC),8.857677902621722,9.0,267,9.0,73.85681647940073,70.32,70.32,0.8425925925925926,1.0,1.0,109.7697191011236,105.155,672.1063202247192,632.88
HEAD CHECKER,NIGHT,CENTENNIAL,YARD PLANNER (HC),8.01923076923077,8.0,52,8.0,75.2351923076923,70.32,70.32,1.9803921568627452,2.0,2.0,112.54653846153846,105.155,822.6373076923077,772.87
HEAD CHECKER,NIGHT,DELTAPORT,TOWER (HC),8.0,8.0,1,8.0,85.07,85.07,85.07,1.0,1.0,1.0,127.605,127.605,808.165,808.165
HEAD CHECKER,NIGHT,VANTERM,CANOPY (HC),7.810344827586207,8.0,29,8.0,74.76758620689654,70.32,70.32,1.1724137931034482,1.5,1.5,111.86,105.155,710.1781896551724,720.2925
HEAD CHECKER,NIGHT,VANTERM,INGATE (HC),8.01923076923077,8.0,26,8.0,72.49038461538461,70.32,70.32,1.44,1.5,1.5,108.41057692307693,105.155,729.4067307692308,720.2925
HEAD CHECKER,NIGHT,VANTERM,OUTGATE (HC),7.976190476190476,8.0,21,8.0,70.32,70.32,70.32,1.5,1.5,1.5,105.155,105.155,718.6182142857143,720.2925
HEAD CHECKER,NIGHT,VANTERM,PENTHOUSE (HC),8.0,8.0,7,8.0,68.98142857142857,70.32,70.32,1.4285714285714286,1.5,1.5,103.79714285714284,105.155,700.3707142857144,720.2925
HEAD CHECKER,NIGHT,VANTERM,RAIL (HC),8.0,8.0,20,8.0,73.414,70.32,70.32,1.025,1.0,1.0,109.86100000000002,105.155,700.50725,667.715
HEAD CHECKER,NIGHT,VANTERM,TOWER (HC),7.965625,8.0,160,8.0,74.097875,70.32,70.32,0.7611464968152867,0.5,0.5,110.06834375000001,105.155,672.133609375,615.1375
KOMATSU,DAY,NEPTUNE,,6.416666666666667,7.0,6,7.0,60.830000000000005,55.3,55.3,1.4,1.0,1.0,91.245,82.95,498.62166666666667,476.9625
KOMATSU,GRAVEYARD,NEPTUNE,,6.0,6.0,1,6.0,86.05,86.05,86.05,0.5,0.5,0.5,129.075,129.075,580.8375,580.8375
KOMATSU,GRAVEYARD,VAN WHARVES,,4.0,4.0,1,4.0,88.48,88.48,88.48,,,,132.72,132.72,353.92,353.92
LABOUR,DAY,BC SUGAR,BLANK,0.0,0.0,3,0.0,60.089999999999996,55.3,55.3,,,,82.95,82.95,0.0,0.0
LABOUR,DAY,CANADA PLACE,,7.0,7.0,4,7.0,61.975,61.975,53.17,2.0,2.0,2.0,92.9625,92.9625,619.75,619.75
LABOUR,DAY,CANADA PLACE,BLANK,7.294757033248082,7.0,782,7.0,67.91703703703703,55.3,55.3,1.3449868073878628,1.0,2.0,101.63374201787995,82.95,626.6312005108557,553.0
LABOUR,DAY,CANADA PLACE,COASTWISE (LAB),7.313524590163935,7.0,488,7.0,68.52225409836066,55.3,55.3,1.3415637860082306,1.0,2.0,102.65857581967214,82.95,636.2898668032788,553.0
LABOUR,DAY,CANADA PLACE,HOLD (LAB),7.333333333333333,7.0,9,7.0,68.08,55.3,55.3,1.1111111111111112,1.0,1.0,102.12,82.95,611.3683333333333,553.0
LABOUR,DAY,CANADA PLACE,JANITOR (LAB),8.0,8.0,1,8.0,55.3,55.3,55.3,1.0,1.0,1.0,82.95,82.95,525.35,525.35
LABOUR,DAY,CANADA PLACE,SPARE (LAB),7.375,7.25,4,7.0,75.76,79.63,88.48,0.875,1.0,1.0,113.64,119.445,659.44375,685.7025000000001
LABOUR,DAY,CENTENNIAL,,8.275,9.0,40,9.0,57.85,53.17,53.17,0.0,0.0,0.0,83.89574999999999,79.755,483.4309999999999,478.53
LABOUR,DAY,CENTENNIAL,BLANK,8.5187265917603,9.0,267,9.0,59.75209737827715,55.3,55.3,0.859375,1.0,1.0,89.375234082397,82.95,527.8502247191011,497.7
LABOUR,DAY,CENTENNIAL,COASTWISE (LAB),7.0,7.0,2,7.0,71.89,71.89,55.3,1.5,1.5,1.0,107.83500000000001,107.83500000000001,652.54,652.54
LABOUR,DAY,CENTENNIAL,HOLD (LAB),6.6,8.0,5,4.0,54.874,55.3,55.3,0.6666666666666666,1.0,1.0,82.311,82.95,396.456,497.7
LABOUR,DAY,CENTENNIAL,JANITOR (LAB),7.932885906040268,8.0,149,8.0,64.9193288590604,55.3,55.3,1.0033783783783783,1.0,1.0,97.3789932885906,82.95,613.3005704697987,525.35
LABOUR,DAY,CENTENNIAL,LASHING (LAB),6.295454545454546,8.0,22,4.0,67.46545454545455,55.3,55.3,2.2916666666666665,1.0,1.0,103.83454545454546,82.95,565.0647727272727,525.35
LABOUR,DAY,CENTENNIAL,SHEDMEN (LAB),8.86674816625917,9.0,409,9.0,60.357726161369186,55.3,55.3,0.5486111111111112,1.0,1.0,90.40138141809291,82.95,543.9619070904645,497.7
LABOUR,DAY,CENTENNIAL,SLINGMAN (LAB),9.0,9.0,1,9.0,55.3,55.3,55.3,,,,82.95,82.95,497.7,497.7
LABOUR,DAY,CENTENNIAL,SPARE (LAB),7.357142857142857,8.0,7,8.0,67.59285714285714,55.3,55.3,0.8,1.0,1.0,101.38928571428572,82.95,514.4035714285715,525.35
LABOUR,DAY,CENTENNIAL,UTILITY (LAB),8.0,8.0,93,8.0,59.55720430107527,55.3,55.3,1.010752688172043,1.0,1.0,89.3358064516129,82.95,567.9697311827957,525.35
LABOUR,DAY,DELTAPORT,BLANK,6.0,6.0,2,4.0,63.04,63.04,55.3,0.5,0.5,0.5,94.56,94.56,383.4975,383.4975
LABOUR,DAY,DELTAPORT,LASHING (LAB),4.0,4.0,3,4.0,92.16666666666667,110.6,110.6,,,,138.25,165.9,368.6666666666667,442.4
LABOUR,DAY,DELTAPORT,SPARE (LAB),4.0,4.0,1,4.0,55.3,55.3,55.3,,,,82.95,82.95,221.2,221.2
LABOUR,DAY,FIBRECO,BLANK,7.4375,8.0,8,8.0,59.4475,55.3,55.3,0.7142857142857143,0.5,0.5,89.17125,82.95,499.428125,504.6125
LABOUR,DAY,FRASER SURREY,LASHING (LAB),9.0,9.0,2,9.0,63.04,63.04,55.3,,,,94.56,94.56,593.945,593.945
LABOUR,DAY,FRASER SURREY,SHEDMEN (LAB),9.0,9.0,1,9.0,55.3,55.3,55.3,,,,82.95,82.95,550.87,550.87
LABOUR,DAY,FRASER SURREY,SPARE (LAB),4.5,4.5,1,4.5,88.48,88.48,88.48,,,,132.72,132.72,398.16,398.16
LABOUR,DAY,G3,BLANK,18.0,18.0,1,18.0,70.78,70.78,70.78,0.0,0.0,0.0,106.17,106.17,1274.04,1274.04
LABOUR,DAY,G3,SPARE (LAB),4.0,4.0,2,4.0,110.6,110.6,110.6,,,,165.9,165.9,442.4,442.4
LABOUR,DAY,LYNNTERM,,5.25,4.0,4,4.0,61.1825,53.245000000000005,53.17,0.5,0.5,0.5,91.77375,79.8675,367.018125,212.98000000000002
LABOUR,DAY,LYNNTERM,BLANK,8.734939759036145,8.0,83,8.0,55.70144578313252,55.3,55.3,0.9818181818181818,1.0,1.0,84.55156626506025,82.95,455.15210843373495,525.35
LABOUR,DAY,LYNNTERM,COASTWISE (LAB),8.0,8.0,1,8.0,70.78,70.78,70.78,0.5,0.5,0.5,106.17,106.17,619.325,619.325
LABOUR,DAY,LYNNTERM,HOLD (LAB),9.0,9.0,1,9.0,55.3,55.3,55.3,,,,82.95,82.95,497.7,497.7
LABOUR,DAY,LYNNTERM,JANITOR (LAB),9.0,9.0,1,9.0,55.3,55.3,55.3,,,,82.95,82.95,497.7,497.7
LABOUR,DAY,LYNNTERM,SHEDMEN (LAB),7.0,7.0,2,6.0,55.3,55.3,55.3,0.5,0.5,0.5,82.95,82.95,407.8375,407.8375
LABOUR,DAY,LYNNTERM,SLINGMAN (LAB),5.857142857142857,4.0,7,4.0,59.722857142857144,55.3,55.3,0.75,1.0,1.0,89.58428571428571,82.95,389.30428571428575,283.12
LABOUR,DAY,LYNNTERM,SPARE (LAB),6.333333333333333,8.0,9,4.0,55.3,55.3,55.3,1.0,1.0,1.0,82.95,82.95,387.1,497.7
LABOUR,DAY,LYNNTERM,UTILITY (LAB),9.0,9.0,1,9.0,55.3,55.3,55.3,,,,82.95,82.95,497.7,497.7
LABOUR,DAY,NEPTUNE,,9.938780487804879,7.5,41,7.5,58.36365853658536,53.17,53.17,1.3157894736842106,1.0,1.0,87.90890243902439,79.755,576.6956097560976,558.285
LABOUR,DAY,NEPTUNE,BLANK,7.732051282051282,8.0,234,8.0,63.2958547008547,55.3,55.3,1.0575829383886257,1.0,1.0,94.93933760683761,82.95,582.4875747863248,525.35
LABOUR,DAY,NEPTUNE,HOLD (LAB),7.75,7.75,2,7.5,55.3,55.3,55.3,1.5,1.5,1.0,82.95,82.95,553.0,553.0
LABOUR,DAY,NEPTUNE,JANITOR (LAB),8.125,8.0,8,8.0,55.3,55.3,55.3,0.8125,1.0,1.0,82.95,82.95,516.709375,525.35
LABOUR,DAY,NEPTUNE,LASHING (LAB),7.5,7.5,1,7.5,55.3,55.3,55.3,1.0,1.0,1.0,82.95,82.95,497.7,497.7
LABOUR,DAY,NEPTUNE,SHEDMEN (LAB),7.571428571428571,7.5,7,7.5,62.25142857142857,55.3,55.3,1.2142857142857142,1.5,0.5,93.37714285714286,82.95,581.75,539.175
LABOUR,DAY,NEPTUNE,SPARE (LAB),7.666666666666667,8.0,21,8.0,62.04428571428572,55.3,55.3,1.25,1.0,1.0,91.74976190476191,82.95,561.0647619047619,525.35
LABOUR,DAY,NEPTUNE,UTILITY (LAB),7.8076923076923075,8.0,13,8.0,64.14769230769231,55.3,55.3,0.9615384615384616,1.0,1.0,96.22153846153847,82.95,596.896923076923,525.35
LABOUR,DAY,PORT MOODY,,4.0,4.0,2,4.0,53.17,53.17,53.17,,,,79.755,79.755,212.68,212.68
LABOUR,DAY,PORT MOODY,BLANK,7.71875,8.0,16,8.0,56.33,55.3,55.3,1.0,1.0,1.0,84.40125,82.95,508.45625,525.35
LABOUR,DAY,PORT MOODY,HOLD (LAB),4.0,4.0,1,4.0,110.6,110.6,110.6,,,,165.9,165.9,442.4,442.4
LABOUR,DAY,PORT MOODY,SPARE (LAB),8.0,8.0,1,8.0,55.3,55.3,55.3,1.0,1.0,1.0,82.95,82.95,525.35,525.35
LABOUR,DAY,SQUAMISH,,4.0,4.0,1,4.0,53.17,53.17,53.17,,,,79.755,79.755,212.68,212.68
LABOUR,DAY,SQUAMISH,BLANK,7.958333333333333,8.0,12,8.0,57.76083333333333,55.3,55.3,1.0,1.0,0.5,88.48875,82.95,525.1958333333333,566.825
LABOUR,DAY,SQUAMISH,HOLD (LAB),8.666666666666666,11.0,3,11.0,55.29999999999999,55.3,55.3,4.0,4.0,4.0,82.95,82.95,589.8666666666667,608.3
LABOUR,DAY,SQUAMISH,SLINGMAN (LAB),8.0,8.0,2,8.0,55.55,55.55,55.3,0.5,0.5,0.5,82.95,82.95,645.385,645.385
LABOUR,DAY,SQUAMISH,SPARE (LAB),9.5,9.5,4,8.0,69.125,55.3,55.3,4.25,4.25,0.5,75.9625,82.95,796.19625,625.8425
LABOUR,DAY,VAN WHARVES,,5.75,5.75,2,4.0,60.68,60.68,53.3,1.25,1.25,1.0,155.09,155.09,516.915,516.915
LABOUR,DAY,VAN WHARVES,BLANK,7.886255144032922,8.0,243,8.0,60.26917695473251,55.3,55.3,0.9889380530973452,1.0,1.0,90.51049382716049,82.95,556.168841563786,525.35
LABOUR,DAY,VAN WHARVES,HOLD (LAB),8.0,8.0,4,8.0,63.595,55.3,55.3,0.875,1.0,1.0,95.3925,82.95,587.5625,525.35
LABOUR,DAY,VAN WHARVES,LASHING (LAB),8.0,8.0,1,8.0,88.48,88.48,88.48,1.0,1.0,1.0,132.72,132.72,840.56,840.56
LABOUR,DAY,VAN WHARVES,SHEDMEN (LAB),8.0,8.0,2,8.0,55.3,55.3,55.3,0.75,0.75,0.5,82.95,82.95,504.6125,504.6125
LABOUR,DAY,VAN WHARVES,SPARE (LAB),8.148148148148149,8.0,27,8.0,62.10259259259259,55.3,55.3,0.717391304347826,0.5,0.5,93.1538888888889,82.95,559.7008333333333,497.7
LABOUR,DAY,VAN WHARVES,UTILITY (LAB),7.976190476190476,8.0,252,8.0,56.33960317460318,55.3,55.3,1.0456349206349207,1.0,1.0,84.47666666666666,82.95,537.5642857142858,525.35
LABOUR,DAY,VANTERM,,7.125,7.75,4,9.0,69.6525,70.185,85.07,0.5,0.5,0.0,104.47875,105.2775,499.2675,488.115
LABOUR,DAY,VANTERM,BLANK,7.1,8.0,35,8.0,58.529999999999994,55.3,55.3,0.9047619047619048,1.0,1.0,87.795,82.95,452.67785714285714,497.7
LABOUR,DAY,VANTERM,HOLD (LAB),6.666666666666667,8.0,3,8.0,77.42,88.48,88.48,0.5,0.5,0.5,116.13,132.72,589.8666666666667,774.2
LABOUR,DAY,VANTERM,LASHING (LAB),8.142857142857142,8.0,7,8.0,66.19857142857143,70.78,70.78,1.0,1.0,1.0,99.29785714285715,106.17,623.8307142857142,661.865
LABOUR,DAY,VANTERM,SHEDMEN (LAB),8.066666666666666,8.0,15,8.0,55.3,55.3,55.3,0.8333333333333334,1.0,1.0,82.95,82.95,504.15166666666664,525.35
LABOUR,DAY,VANTERM,SPARE (LAB),6.0,6.0,2,4.0,55.3,55.3,55.3,1.0,1.0,1.0,82.95,82.95,373.275,373.275
LABOUR,DAY,VANTERM,UTILITY (LAB),7.625,8.0,4,8.0,54.235,54.235,53.17,0.5,0.5,0.0,102.09,81.35249999999999,443.316875,471.88374999999996
LABOUR,DAY,VITERRA PAC,,4.0,4.0,1,4.0,53.17,53.17,53.17,,,,79.755,79.755,212.68,212.68
LABOUR,DAY,WATERFRONT TRAIN. CNTR,BLANK,17.95,3.3,8,1.0,134.24285714285716,110.6,110.6,,,,134.394375,165.9,236.3575,254.38
LABOUR,DAY,WATERFRONT TRAIN. CNTR,SPARE (LAB),4.0,4.0,1,4.0,110.6,110.6,110.6,,,,165.9,165.9,442.4,442.4
LABOUR,DAY,WESTSHORE,BLANK,24.0,24.0,1,24.0,88.48,88.48,88.48,,,,79.755,79.755,2123.52,2123.52
LABOUR,GRAVEYARD,ALLIANCE GRAIN,BLANK,8.0,8.0,1,8.0,86.05,86.05,86.05,,,,129.075,129.075,688.4,688.4
LABOUR,GRAVEYARD,CANADA PLACE,COASTWISE (LAB),6.5,6.5,2,6.5,88.48,88.48,88.48,0.5,0.5,0.5,132.72,132.72,641.48,641.48
LABOUR,GRAVEYARD,CENTENNIAL,,6.166666666666667,7.5,30,7.5,84.71000000000001,82.73,82.73,0.0,0.0,0.0,118.55799999999999,124.095,523.8795,620.475
LABOUR,GRAVEYARD,CENTENNIAL,BLANK,7.3431372549019605,7.5,51,7.5,86.7243137254902,88.48,88.48,0.5,0.5,0.0,130.0864705882353,132.72,650.4925,663.6
LABOUR,GRAVEYARD,CENTENNIAL,LASHING (LAB),6.125,6.5,16,6.5,85.646875,88.48,88.48,0.875,1.0,1.0,128.4703125,132.72,577.9475,676.0
LABOUR,GRAVEYARD,CENTENNIAL,SHEDMEN (LAB),7.388888888888889,7.5,108,7.5,87.07472222222222,86.05,86.05,0.6,1.0,1.0,130.56027777777777,129.075,657.8747222222222,645.375
LABOUR,GRAVEYARD,CENTENNIAL,SPARE (LAB),6.833333333333333,6.5,3,6.5,87.67,88.48,88.48,1.0,1.0,1.0,131.505,132.72,687.0183333333334,707.84
LABOUR,GRAVEYARD,DELTAPORT,SPARE (LAB),8.0,8.0,1,8.0,55.3,55.3,55.3,,,,82.95,82.95,442.4,442.4
LABOUR,GRAVEYARD,G3,BLANK,8.0,8.0,1,8.0,88.48,88.48,88.48,,,,132.72,132.72,707.84,707.84
LABOUR,GRAVEYARD,LYNNTERM,,2.25,2.25,2,0.5,82.73,82.73,82.73,,,,124.095,124.095,186.1425,186.1425
LABOUR,GRAVEYARD,LYNNTERM,BLANK,3.25,3.25,1,3.25,88.48,88.48,88.48,,,,132.72,132.72,287.56,287.56
LABOUR,GRAVEYARD,LYNNTERM,HOLD (LAB),4.0,4.0,1,4.0,86.05,86.05,86.05,,,,129.075,129.075,344.2,344.2
LABOUR,GRAVEYARD,LYNNTERM,SPARE (LAB),4.0,4.0,1,4.0,86.6,86.6,86.6,,,,129.075,129.075,346.4,346.4
LABOUR,GRAVEYARD,NEPTUNE,,6.0,6.0,3,6.0,82.78,82.73,82.73,1.0,1.0,1.0,124.14666666666666,124.095,620.8266666666667,620.475
LABOUR,GRAVEYARD,NEPTUNE,BLANK,6.459183673469388,6.5,49,6.5,87.44714285714285,86.05,86.05,1.0568181818181819,1.0,1.0,131.14173469387754,129.075,689.064387755102,663.6
LABOUR,GRAVEYARD,NEPTUNE,SPARE (LAB),6.8,6.5,5,6.5,86.536,86.05,86.05,1.125,1.0,0.5,129.804,129.075,704.9525,663.6
LABOUR,GRAVEYARD,PORT MOODY,SPARE (LAB),4.0,4.0,1,4.0,84.6,84.6,84.6,,,,129.075,129.075,338.4,338.4
LABOUR,GRAVEYARD,SQUAMISH,BLANK,8.0,8.0,1,8.0,88.48,88.48,88.48,,,,132.72,132.72,867.35,867.35
LABOUR,GRAVEYARD,VAN WHARVES,BLANK,6.425925925925926,6.5,27,6.5,88.57444444444444,86.05,86.05,0.9318181818181818,1.0,1.0,132.8827777777778,129.075,670.0722222222222,688.4
LABOUR,GRAVEYARD,VAN WHARVES,HOLD (LAB),7.166666666666667,7.5,3,7.5,88.48,88.48,88.48,2.25,2.25,2.0,132.72,132.72,855.3066666666667,840.56
LABOUR,GRAVEYARD,VAN WHARVES,SPARE (LAB),6.8,6.5,15,6.5,86.49733333333333,86.05,86.05,0.8636363636363636,1.0,0.5,138.15599999999998,129.075,679.0026666666668,688.325
LABOUR,GRAVEYARD,VANTERM,,5.666666666666667,5.5,6,4.0,83.89999999999999,83.9,82.73,1.0,1.0,1.0,125.85000000000001,125.85,497.28583333333336,531.6875
LABOUR,GRAVEYARD,VANTERM,BLANK,7.3,7.5,10,7.5,83.038,88.48,88.48,0.75,1.0,1.0,132.852,132.72,642.3055,663.6
LABOUR,GRAVEYARD,VANTERM,HOLD (LAB),6.5,6.5,13,6.5,89.80153846153847,86.05,86.05,0.5769230769230769,0.5,0.5,134.42192307692306,129.075,662.2661538461538,623.8625
LABOUR,GRAVEYARD,VANTERM,LASHING (LAB),6.5,6.5,1,6.5,88.48,88.48,88.48,1.0,1.0,1.0,132.72,132.72,707.84,707.84
LABOUR,GRAVEYARD,VANTERM,SHEDMEN (LAB),7.0,7.0,1,7.0,86.05,86.05,86.05,,,,129.075,129.075,602.35,602.35
LABOUR,GRAVEYARD,VANTERM,SPARE (LAB),6.5,6.5,1,6.5,86.05,86.05,86.05,1.0,1.0,1.0,86.0,86.0,645.325,645.325
LABOUR,GRAVEYARD,VANTERM,UTILITY (LAB),4.0,4.0,1,4.0,86.05,86.05,86.05,,,,129.075,129.075,344.2,344.2
LABOUR,NIGHT,ALLIANCE GRAIN,,4.0,4.0,1,4.0,66.98,66.98,66.98,,,,100.47,100.47,267.92,267.92
LABOUR,NIGHT,ANNACIS AUTO,BLANK,10.0,10.0,1,10.0,88.48,88.48,88.48,,,,132.72,132.72,884.8,884.8
LABOUR,NIGHT,CANADA PLACE,BLANK,7.5,7.5,6,7.0,82.21,88.48,88.48,0.75,0.75,0.5,123.315,132.72,682.15125,707.84
LABOUR,NIGHT,CANADA PLACE,COASTWISE (LAB),7.333333333333333,7.5,3,7.5,88.48,88.48,88.48,0.5,0.5,0.5,132.72,132.72,693.0933333333334,685.72
LABOUR,NIGHT,CENTENNIAL,,6.076923076923077,4.0,13,9.0,62.39538461538462,66.98,66.98,,,,77.90538461538462,100.47,409.7223076923077,278.68
LABOUR,NIGHT,CENTENNIAL,BLANK,8.511363636363637,9.0,44,9.0,74.56,69.67,69.67,0.875,1.0,1.0,111.82295454545455,104.505,661.7544318181818,627.03
LABOUR,NIGHT,CENTENNIAL,HOLD (LAB),8.0,8.0,1,8.0,88.48,88.48,88.48,1.0,1.0,1.0,132.72,132.72,840.56,840.56
LABOUR,NIGHT,CENTENNIAL,LASHING (LAB),7.363636363636363,8.0,11,8.0,73.09,69.67,69.67,1.0,1.0,1.0,109.63499999999999,104.505,611.2581818181818,661.865
LABOUR,NIGHT,CENTENNIAL,SHEDMEN (LAB),8.891304347826088,9.0,46,9.0,74.1095652173913,69.67,69.67,0.7142857142857143,1.0,1.0,111.16434782608694,104.505,670.9769565217391,627.03
LABOUR,NIGHT,CHEMTRADE,SPARE (LAB),8.0,8.0,1,8.0,85.22,85.22,85.22,1.0,1.0,1.0,127.605,127.605,809.365,809.365
LABOUR,NIGHT,DELTAPORT,BLANK,6.5,8.0,5,4.0,69.67,69.67,69.67,1.15,1.15,1.0,104.505,104.505,500.9273,592.195
LABOUR,NIGHT,DELTAPORT,LASHING (LAB),4.0,4.0,1,4.0,88.48,88.48,88.48,,,,132.72,132.72,353.92,353.92
LABOUR,NIGHT,FIBRECO,BLANK,8.0,8.0,1,8.0,69.67,69.67,69.67,0.5,0.5,0.5,104.505,104.505,609.6125,609.6125
LABOUR,NIGHT,FRASER SURREY,,9.0,9.0,1,9.0,85.07,85.07,85.07,1.0,1.0,1.0,127.605,127.605,893.235,893.235
LABOUR,NIGHT,FRASER SURREY,BLANK,9.0,9.0,2,9.0,69.67,69.67,69.67,,,,104.505,104.505,706.785,706.785
LABOUR,NIGHT,LYNNTERM,,3.9,4.0,5,4.0,66.98,66.98,66.98,0.0,0.0,0.0,100.47,100.47,261.22200000000004,267.92
LABOUR,NIGHT,LYNNTERM,BLANK,8.083333333333334,8.0,24,8.0,77.64541666666666,69.67,69.67,0.9285714285714286,1.0,1.0,116.468125,104.505,728.3020833333334,661.865
LABOUR,NIGHT,LYNNTERM,HOLD (LAB),7.15,8.0,10,8.0,71.616,69.67,69.67,0.875,1.0,1.0,107.39200000000001,104.505,589.6837499999999,661.865
LABOUR,NIGHT,LYNNTERM,SPARE (LAB),8.0,8.0,6,8.0,79.075,79.075,69.67,0.8333333333333334,1.0,1.0,118.6125,118.6125,733.795,751.2125
LABOUR,NIGHT,NEPTUNE,,7.9,7.5,15,7.5,69.39200000000001,66.98,66.98,1.1,1.0,1.0,104.03533333333333,100.47,663.1183333333333,602.82
LABOUR,NIGHT,NEPTUNE,BLANK,7.735955056179775,7.5,89,7.5,73.69258426966293,69.67,69.67,1.2325581395348837,1.0,1.0,110.53887640449437,104.505,702.2855617977528,661.865
LABOUR,NIGHT,NEPTUNE,HOLD (LAB),8.0,8.0,1,8.0,69.67,69.67,69.67,1.0,1.0,1.0,104.505,104.505,661.865,661.865
LABOUR,NIGHT,NEPTUNE,SHEDMEN (LAB),7.25,7.25,2,7.0,69.67,69.67,69.67,1.25,1.25,1.0,104.505,104.505,635.73875,635.73875
LABOUR,NIGHT,NEPTUNE,SPARE (LAB),7.666666666666667,7.5,6,7.5,72.805,69.67,69.67,1.0,1.0,1.0,109.2075,104.505,647.8716666666667,627.03
LABOUR,NIGHT,NEPTUNE,UTILITY (LAB),7.5,7.5,6,7.5,72.805,69.67,69.67,0.9166666666666666,1.0,1.0,109.2075,104.505,646.53625,627.03
LABOUR,NIGHT,PORT MOODY,,16.0,16.0,1,16.0,69.67,69.67,69.67,8.0,8.0,8.0,55.3,55.3,1557.12,1557.12
LABOUR,NIGHT,PORT MOODY,BLANK,8.0,8.0,1,8.0,88.48,88.48,88.48,1.5,1.5,1.5,132.72,132.72,906.92,906.92
LABOUR,NIGHT,PORT MOODY,SPARE (LAB),0.0,0.0,1,0.0,69.67,69.67,69.67,4.0,4.0,4.0,110.6,110.6,442.4,442.4
LABOUR,NIGHT,SQUAMISH,BLANK,8.2,8.0,5,8.0,69.67,69.67,69.67,2.25,2.25,0.5,101.3,104.505,684.4305,766.37
LABOUR,NIGHT,SQUAMISH,HOLD (LAB),0.0,0.0,2,0.0,69.67,69.67,69.67,8.0,8.0,8.0,104.505,104.505,836.04,836.04
LABOUR,NIGHT,SQUAMISH,SPARE (LAB),8.0,8.0,2,8.0,69.67,69.67,69.67,0.75,0.75,0.5,104.505,104.505,795.24875,795.24875
LABOUR,NIGHT,VAN WHARVES,,7.5,7.5,1,7.5,66.98,66.98,66.98,1.5,1.5,1.5,100.47,100.47,653.055,653.055
LABOUR,NIGHT,VAN WHARVES,BLANK,8.010526315789473,8.0,95,8.0,74.6121052631579,69.67,69.67,1.0,1.0,1.0,111.9171052631579,104.505,705.7496578947369,661.865
LABOUR,NIGHT,VAN WHARVES,HOLD (LAB),8.25,8.0,4,8.0,69.67,69.67,69.67,35.50333333333334,1.0,1.0,104.505,104.505,3357.4843875,661.865
LABOUR,NIGHT,VAN WHARVES,JANITOR (LAB),8.0,8.0,1,8.0,69.67,69.67,69.67,2.5,2.5,2.5,104.505,104.505,818.6225,818.6225
LABOUR,NIGHT,VAN WHARVES,SHEDMEN (LAB),8.0,8.0,1,8.0,69.67,69.67,69.67,1.0,1.0,1.0,104.505,104.505,661.865,661.865
LABOUR,NIGHT,VAN WHARVES,SPARE (LAB),7.961538461538462,8.0,13,8.0,78.45692307692308,69.67,69.67,0.9166666666666666,1.0,0.5,117.60307692307691,104.505,721.2482692307693,661.865
LABOUR,NIGHT,VAN WHARVES,UTILITY (LAB),7.833333333333333,8.0,3,8.0,69.73666666666666,69.67,69.67,0.6666666666666666,0.5,0.5,104.57333333333332,104.505,615.9525,609.6125
LABOUR,NIGHT,VANTERM,,4.25,4.0,4,4.0,66.98,66.98,66.98,,,,100.47,100.47,284.665,267.92
LABOUR,NIGHT,VANTERM,BLANK,7.0,8.0,10,8.0,73.497,69.67,69.67,0.8333333333333334,1.0,1.0,110.148,104.505,565.921,647.3725
LABOUR,NIGHT,VANTERM,LASHING (LAB),8.0,8.0,8,8.0,74.3725,69.67,69.67,1.0,1.0,1.0,98.49562499999999,104.505,693.475625,661.865
LABOUR,NIGHT,VANTERM,SHEDMEN (LAB),9.0,9.0,1,9.0,69.67,69.67,69.67,,,,104.505,104.505,627.03,627.03
LIFT TRUCK,DAY,CANADA PLACE,,7.032374100719425,7.0,139,7.0,68.16028776978418,55.8,55.8,1.4963768115942029,2.0,2.0,102.18823741007195,83.45,630.7392086330935,557.5
LIFT TRUCK,DAY,CARGILL,,7.0,7.0,1,7.0,55.8,55.8,55.8,2.0,2.0,2.0,83.45,83.45,557.5,557.5
LIFT TRUCK,DAY,CENTENNIAL,,8.875,9.0,4,9.0,54.485,54.485,53.17,,,,61.66375,81.60249999999999,483.39,478.53
LIFT TRUCK,DAY,FRASER SURREY,,7.333333333333333,9.0,6,9.0,57.94166666666666,55.8,55.8,,,,86.70416666666667,83.45,430.6666666666667,502.2
LIFT TRUCK,DAY,LYNNTERM,,5.35,4.0,10,4.0,57.085,55.8,55.8,1.0,1.0,1.0,85.4025,83.45,319.755,223.2
LIFT TRUCK,DAY,NEPTUNE,,7.75,9.0,4,9.0,55.8,55.8,55.8,0.0,0.0,0.0,83.45,83.45,432.45,502.2
LIFT TRUCK,DAY,SQUAMISH,,8.666666666666666,11.0,3,11.0,60.25,55.8,53.67,,,,90.125,83.45,549.6,590.37
LIFT TRUCK,DAY,VAN WHARVES,,9.0,9.0,1,9.0,55.8,55.8,55.8,,,,83.45,83.45,502.2,502.2
LIFT TRUCK,DAY,VANTERM,,4.0,4.0,1,4.0,53.17,53.17,53.17,,,,79.755,79.755,212.68,212.68
LIFT TRUCK,GRAVEYARD,CENTENNIAL,,7.5,7.5,3,7.5,86.86666666666667,86.55,85.07,,,,131.34833333333333,133.22,651.5,649.125
LIFT TRUCK,NIGHT,CANADA PLACE,,7.5,7.5,1,7.5,88.98,88.98,88.98,,,,133.22,133.22,667.35,667.35
LIFT TRUCK,NIGHT,CENTENNIAL,,8.55,9.0,10,9.0,73.563,70.17,70.17,,,,110.19449999999999,105.005,630.4905,631.53
LIFT TRUCK,NIGHT,FRASER SURREY,,9.0,9.0,1,9.0,70.17,70.17,70.17,0.0,0.0,0.0,105.005,105.005,631.53,631.53
LIFT TRUCK,NIGHT,LYNNTERM,,4.0,4.0,5,4.0,70.17,70.17,70.17,,,,105.155,105.005,280.68,280.68
LIFT TRUCK,NIGHT,VANTERM,,4.0,4.0,1,4.0,70.17,70.17,70.17,,,,105.005,105.005,280.68,280.68
LINES,DAY,ALLIANCE GRAIN,,3.1666666666666665,4.0,3,4.0,60.46,55.3,55.3,,,,90.69,82.95,182.85666666666665,221.2
LINES,DAY,CANADA PLACE,,2.5,2.5,1,2.5,70.78,70.78,70.78,,,,106.17,106.17,176.95,176.95
LINES,DAY,CARGILL,,4.0,4.0,1,4.0,70.78,70.78,70.78,,,,106.17,106.17,283.12,283.12
LINES,DAY,CENTENNIAL,,3.0,4.0,3,4.0,60.67666666666667,55.95,55.3,,,,90.69,82.95,187.40666666666667,223.8
LINES,DAY,CHEMTRADE,,4.0,4.0,1,4.0,88.48,88.48,88.48,,,,132.72,132.72,353.92,353.92
LINES,DAY,FIBRECO,,3.375,4.0,4,4.0,63.595,55.3,55.3,,,,95.3925,82.95,219.8175,221.2
LINES,DAY,G3,,4.0,4.0,1,4.0,55.3,55.3,55.3,,,,82.95,82.95,221.2,221.2
LINES,DAY,LYNNTERM,,3.6,4.0,5,4.0,61.936,55.3,55.3,2.0,2.0,2.0,90.194,82.95,253.38400000000001,221.2
LINES,DAY,NEPTUNE,,3.6363636363636362,4.0,11,4.0,54.73,55.3,55.3,1.66,1.66,1.66,84.0040909090909,82.95,211.3288181818182,221.2
LINES,DAY,PORT MOODY,,4.0,4.0,5,4.0,76.092,70.78,55.3,,,,97.548,82.95,304.368,283.12
LINES,DAY,SQUAMISH,,4.0,4.0,1,4.0,70.78,70.78,70.78,,,,106.17,106.17,283.12,283.12
LINES,DAY,VAN WHARVES,,3.3333333333333335,4.0,9,4.0,64.39333333333333,55.3,55.3,0.2,0.2,0.2,96.59,82.95,222.55,221.2
LINES,DAY,VANTERM,,3.5833333333333335,4.0,6,4.0,65.99,63.04,55.3,0.0,0.0,0.0,98.985,94.56,240.91833333333332,252.16
LINES,DAY,VITERRA PAC,,2.75,3.0,4,4.0,71.33500000000001,70.78,70.78,,,,107.0025,106.17,204.60500000000002,196.86
LINES,GRAVEYARD,ALLIANCE GRAIN,,4.0,4.0,4,4.0,86.05,86.05,86.05,,,,129.075,129.075,344.2,344.2
LINES,GRAVEYARD,CANADA PLACE,,4.0,4.0,2,4.0,86.05,86.05,86.05,,,,129.075,129.075,344.2,344.2
LINES,GRAVEYARD,CARGILL,,4.5,4.5,2,4.0,87.265,87.265,86.05,,,,130.89749999999998,130.89749999999998,392.08500000000004,392.08500000000004
LINES,GRAVEYARD,CENTENNIAL,,3.4444444444444446,4.0,9,4.0,87.4,88.48,88.48,,,,131.1,132.72,300.7144444444445,344.2
LINES,GRAVEYARD,FIBRECO,,1.75,1.75,2,1.0,87.265,87.265,86.05,,,,130.89749999999998,130.89749999999998,151.8025,151.8025
LINES,GRAVEYARD,LYNNTERM,,4.0,4.0,5,4.0,82.774,86.05,86.05,3.5,3.5,3.5,124.16099999999999,129.075,458.6675,344.2
LINES,GRAVEYARD,NEPTUNE,,3.8,4.0,10,4.0,88.748,86.05,86.05,,,,133.4865,129.075,337.782,344.2
LINES,GRAVEYARD,PORT MOODY,,3.9,4.0,10,4.0,86.841,86.05,86.05,,,,127.7115,129.075,338.51599999999996,344.2
LINES,GRAVEYARD,VAN WHARVES,,3.875,4.0,16,4.0,86.15875,86.05,86.05,0.0,0.0,0.0,124.6084375,129.075,334.334375,344.2
LINES,GRAVEYARD,VANTERM,,3.65,4.0,10,4.0,87.022,86.05,86.05,,,,130.533,129.075,317.9705,344.2
LINES,GRAVEYARD,VITERRA PAC,,2.5,2.5,2,2.0,87.265,87.265,86.05,,,,130.89749999999998,130.89749999999998,218.76999999999998,218.76999999999998
LINES,NIGHT,ALLIANCE GRAIN,,3.25,3.25,2,2.5,79.075,79.075,69.67,,,,118.6125,118.6125,249.94,249.94
LINES,NIGHT,CANADA PLACE,,3.642857142857143,4.0,7,4.0,83.57857142857142,88.48,69.67,,,,125.36785714285715,132.72,302.7142857142857,278.68
LINES,NIGHT,CARGILL,,4.0,4.0,2,4.0,69.68,69.68,69.67,,,,104.505,104.505,278.72,278.72
LINES,NIGHT,CENTENNIAL,,3.5714285714285716,4.0,7,4.0,83.57857142857142,88.48,69.67,0.5,0.5,0.5,120.39142857142858,132.72,301.3707142857143,278.68
LINES,NIGHT,CHEMTRADE,,4.0,4.0,2,4.0,79.075,79.075,69.67,,,,118.6125,118.6125,316.3,316.3
LINES,NIGHT,FIBRECO,,3.3333333333333335,4.0,3,4.0,75.94,69.67,69.67,,,,113.91000000000001,104.505,244.77333333333334,278.68
LINES,NIGHT,G3,,3.9166666666666665,4.0,6,4.0,66.92,69.67,69.67,0.5,0.5,0.5,98.25083333333333,104.505,268.8308333333334,278.68
LINES,NIGHT,LYNNTERM,,3.3333333333333335,4.0,3,4.0,75.94,69.67,69.67,,,,113.91000000000001,104.505,244.77333333333334,278.68
LINES,NIGHT,NEPTUNE,,4.0,4.0,12,4.0,79.35083333333334,69.67,69.67,,,,119.02625,104.505,320.53833333333336,296.09749999999997
LINES,NIGHT,PORT MOODY,,3.727272727272727,4.0,11,4.0,78.52090909090909,69.67,69.67,,,,117.78136363636364,104.505,289.95272727272726,278.68
LINES,NIGHT,VAN WHARVES,,3.4444444444444446,4.0,9,4.0,85.03555555555556,88.48,69.67,,,,120.73166666666667,104.505,297.25666666666666,278.68
LINES,NIGHT,VANTERM,,3.3,4.0,5,4.0,80.956,88.48,88.48,,,,121.434,132.72,291.60600000000005,353.92
LINES,NIGHT,VITERRA PAC,,4.125,4.0,4,4.0,79.075,79.075,69.67,,,,118.6125,118.6125,327.36,316.3
LIQUID BULK,DAY,PORT MOODY,,7.32051282051282,7.5,39,7.5,62.30692307692307,56.3,56.3,0.7025641025641025,0.5,0.5,93.75474358974358,83.95,523.2958333333333,464.225
LIQUID BULK,DAY,UNIVAR,,4.75,4.0,8,4.0,57.769999999999996,56.3,56.3,0.625,0.75,1.0,86.2175,83.95,293.659375,267.17499999999995
LIQUID BULK,DAY,VAN WHARVES,,4.0,4.0,3,4.0,55.589999999999996,56.3,56.3,,,,82.885,83.95,222.35999999999999,225.2
LIQUID BULK,GRAVEYARD,PORT MOODY,,6.25,6.0,8,6.0,83.81375,87.05,87.05,0.5285714285714286,0.5,0.5,125.22062499999998,130.075,577.68671875,587.3375
LIQUID BULK,NIGHT,PORT MOODY,,6.964285714285714,7.5,14,7.5,76.97,70.67,70.67,1.0357142857142858,0.5,0.5,115.05,105.505,658.5,582.7775
LIQUID BULK,NIGHT,VAN WHARVES,,8.5,8.5,1,8.5,143.56,143.56,143.56,0.0,0.0,0.0,0.0,0.0,1220.26,1220.26
LOCI,DAY,CENTENNIAL,,9.0,9.0,1,9.0,56.3,56.3,56.3,,,,83.95,83.95,506.7,506.7
LOCI,DAY,NEPTUNE,,7.5886075949367084,7.5,158,7.5,66.72569620253165,56.3,56.3,0.8651315789473685,0.5,0.5,100.03354430379747,83.95,595.2242721518987,548.175
LOCI,GRAVEYARD,NEPTUNE,,6.0,6.0,3,6.0,60.94333333333333,87.2,6.0,1.3333333333333333,0.5,0.5,213.23333333333335,133.72,773.4016666666666,604.64
LOCI,NIGHT,NEPTUNE,,7.588709677419355,7.5,62,7.5,75.06129032258065,70.67,70.67,0.6864406779661016,0.5,0.5,112.1408870967742,105.505,648.1072177419354,583.98
LOCI,NIGHT,VAN WHARVES,,0.0,0.0,11,0.0,76.43818181818182,70.67,70.67,8.545454545454545,9.0,9.0,114.29363636363637,105.505,978.1209090909091,904.23
LOCKERMAN,DAY,ALLIANCE GRAIN,,4.0,4.0,1,4.0,110.0,110.0,110.0,,,,83.6,83.6,440.0,440.0
LOCKERMAN,DAY,LYNNTERM,,8.832432432432432,9.0,74,9.0,58.85108108108109,55.95,55.95,9.0,9.0,9.0,86.36527027027027,83.6,525.0196486486486,503.55
LOCKERMAN,DAY,VITERRA PAC,,8.73076923076923,9.0,13,9.0,55.95,55.95,55.95,,,,83.6,83.6,488.48653846153843,503.55
MOBILE CRANE,DAY,CANADA PLACE,,7.3977272727272725,7.0,44,7.0,71.13545454545455,70.78,55.3,1.8409090909090908,2.0,2.0,106.70318181818183,106.17,729.0506818181818,654.7149999999999
OB,DAY,WATERFRONT TRAIN. CNTR,,3.4583333333333335,4.0,12,4.0,138.21666666666667,110.6,110.6,,,,165.9,165.9,410.10833333333335,442.4
OB,GRAVEYARD,FIBRECO,,4.0,4.0,1,4.0,86.05,86.05,86.05,,,,129.075,129.075,344.2,344.2
OB,NIGHT,VANTERM,,4.0,4.0,1,4.0,69.67,69.67,69.67,,,,104.505,104.505,278.68,278.68
PAINTER,DAY,CENTENNIAL,,4.666666666666667,5.0,3,5.0,57.79999999999999,57.8,57.8,1.0,1.0,1.0,85.45,85.45,355.18333333333334,374.45
PLUMBER,DAY,NEPTUNE,,7.0625,7.5,8,7.5,57.36125,57.95,57.95,1.5,1.5,1.5,84.72625,85.525,515.895625,562.2375
PLUMBER,DAY,PORT MOODY,,4.0,4.0,2,4.0,57.95,57.95,57.95,,,,85.6,85.6,231.8,231.8
PLUMBER,DAY,VAN WHARVES,,4.0,4.0,5,4.0,56.58200000000001,55.67,55.67,4.0,4.0,4.0,95.23299999999999,82.255,409.84799999999996,222.68
PUSHER,DAY,FIBRECO,,4.0,4.0,2,4.0,53.17,53.17,53.17,0.0,0.0,0.0,106.2375,106.2375,106.34,106.34
RAIL MOUNTED GANTRY,DAY,CANADA PLACE,,9.0,9.0,1,9.0,71.78,71.78,71.78,,,,107.17,107.17,646.02,646.02
RAIL MOUNTED GANTRY,DAY,CENTENNIAL,,8.731707317073171,9.0,82,9.0,65.01463414634146,56.3,56.3,0.2222222222222222,0.0,0.0,97.01810975609756,83.95,574.0646341463415,506.7
RAIL MOUNTED GANTRY,GRAVEYARD,CENTENNIAL,,7.5,7.5,224,7.5,87.85263392857144,87.05,87.05,0.0,0.0,0.0,131.3459151785714,130.075,658.8947544642857,652.875
RAIL MOUNTED GANTRY,NIGHT,CENTENNIAL,,9.0,9.0,7,9.0,72.83,70.67,70.67,0.0,0.0,0.0,94.46357142857143,105.505,655.47,636.03
REACHSTACKER,DAY,CENTENNIAL,,8.880952380952381,9.0,42,9.0,61.16166666666667,54.17,53.17,0.0125,0.0,0.0,62.84596428571428,79.755,552.3661097560976,487.53
REACHSTACKER,DAY,VANTERM,,9.25,9.25,2,9.0,53.17,53.17,53.17,,,,79.755,79.755,491.8225,491.8225
REACHSTACKER,GRAVEYARD,CENTENNIAL,,7.5,7.5,21,7.5,85.76523809523809,87.05,87.05,0.0,0.0,0.0,128.38595238095238,130.075,643.2392857142856,652.875
REACHSTACKER,GRAVEYARD,VANTERM,,7.5,7.5,1,7.5,82.73,82.73,82.73,0.0,0.0,0.0,124.095,124.095,620.475,620.475
REACHSTACKER,NIGHT,CENTENNIAL,,9.0,9.0,4,9.0,71.5025,66.98,66.98,,,,57.01875,50.235,643.5225,602.82
REACHSTACKER,NIGHT,VANTERM,,8.75,8.75,1,8.75,66.98,66.98,66.98,,,,100.47,100.47,586.075,586.075
RUBBER TIRE GANTRY,DAY,CANADA PLACE,,7.0,7.0,1,7.0,89.48,89.48,89.48,2.0,2.0,2.0,133.72,133.72,893.8,893.8
RUBBER TIRE GANTRY,DAY,CENTENNIAL,,6.5,5.25,44,4.0,61.154090909090904,56.3,56.3,0.6111111111111112,1.0,1.0,90.29147727272728,83.95,420.7311363636363,432.31
RUBBER TIRE GANTRY,DAY,VANTERM,,6.642857142857143,6.5,21,9.0,62.73904761904762,56.3,56.3,0.4375,0.25,0.0,93.68095238095238,83.95,423.94,506.7
RUBBER TIRE GANTRY,GRAVEYARD,CENTENNIAL,,7.583333333333333,7.5,6,7.5,85.66166666666668,88.265,89.48,,,,128.08,131.89749999999998,648.4441666666667,661.9875
RUBBER TIRE GANTRY,GRAVEYARD,VANTERM,,6.65,7.5,5,7.5,93.904,89.48,89.48,,,,140.356,133.72,609.42,671.1
RUBBER TIRE GANTRY,NIGHT,CENTENNIAL,,6.0,6.0,5,4.0,73.824,70.67,70.67,0.0,0.0,0.0,110.34099999999998,105.505,446.496,407.88
RUBBER TIRE GANTRY,NIGHT,VANTERM,,6.0,6.5,5,6.5,80.32000000000001,83.73,70.67,0.0,0.0,0.0,119.981,125.1,486.74500000000006,544.245
SHIP GANTRY,DAY,LYNNTERM,,4.0,4.0,1,4.0,56.3,56.3,56.3,,,,83.95,83.95,225.2,225.2
STORESPERSON,DAY,CANADA PLACE,,7.0,7.0,4,7.0,59.3875,56.3,56.3,2.0,2.0,2.0,89.33250000000001,83.95,594.3775,562.0
STORESPERSON,DAY,NEPTUNE,,7.392857142857143,7.5,42,7.5,61.61904761904762,56.3,56.3,1.4880952380952381,1.5,1.5,91.92857142857143,83.95,593.0041666666666,548.175
STORESPERSON,DAY,VAN WHARVES,,4.0,4.0,1,4.0,56.3,56.3,56.3,,,,83.95,83.95,225.2,225.2
STORESPERSON,DAY,VANTERM,,9.0,9.0,3,9.0,56.29999999999999,56.3,56.3,,,,83.95,83.95,506.7,506.7
STORESPERSON,NIGHT,NEPTUNE,,7.5,7.5,11,7.5,75.81363636363636,70.67,70.67,1.5,1.5,1.5,113.21409090909091,105.505,738.4234090909091,688.2825
TRACTOR TRAILER,DAY,CENTENNIAL,,9.0,9.0,8,9.0,56.03125,54.17,54.17,0.0,0.0,0.0,83.55125000000001,80.76,504.28125,487.53
TRACTOR TRAILER,DAY,CENTENNIAL,RAIL,9.0,9.0,1,9.0,71.43,71.43,71.43,0.0,0.0,0.0,106.82,106.82,642.87,642.87
TRACTOR TRAILER,DAY,CENTENNIAL,RAIL (HC),8.93142857142857,9.0,175,9.0,62.86177142857142,54.17,54.17,0.0,0.0,0.0,90.84745714285714,80.76,561.1407428571428,487.53
TRACTOR TRAILER,DAY,CENTENNIAL,RAIL (TT),8.863279203771608,9.0,1909,9.0,63.26950759559979,55.95,55.95,0.014705882352941176,0.0,0.0,94.16373493975902,83.6,561.3212126767942,503.55
TRACTOR TRAILER,DAY,CENTENNIAL,SHIP (TT),8.941838046272494,9.0,1556,9.0,63.662577120822625,55.95,55.95,0.02467232074016962,0.0,0.0,95.44687982005142,83.6,571.3831780205655,503.55
TRACTOR TRAILER,DAY,CENTENNIAL,YARD (TT),8.421052631578947,9.0,19,9.0,62.137368421052635,55.95,55.95,0.2857142857142857,0.0,0.0,87.43710526315789,83.6,535.5881578947368,510.965
TRACTOR TRAILER,DAY,DELTAPORT,RAIL (TT),8.0,8.0,2,8.0,71.43,71.43,71.43,1.0,1.0,1.0,106.82,106.82,678.26,678.26
TRACTOR TRAILER,DAY,DELTAPORT,SHIP (TT),8.307692307692308,8.0,13,8.0,60.29,55.95,55.95,0.8461538461538461,1.0,1.0,90.13499999999999,83.6,577.5088461538461,531.2
TRACTOR TRAILER,DAY,FRASER SURREY,SHIP (TT),9.25,9.25,2,8.0,60.615,60.615,53.17,0.5,0.5,0.5,90.9225,90.9225,616.7825,616.7825
TRACTOR TRAILER,DAY,NEPTUNE,BARGE (TT),4.0,4.0,1,4.0,55.95,55.95,55.95,,,,83.6,83.6,223.8,223.8
TRACTOR TRAILER,DAY,NEPTUNE,SHIP (TT),7.5,7.5,1,7.5,71.43,71.43,71.43,0.5,0.5,0.5,106.82,106.82,589.135,589.135
TRACTOR TRAILER,DAY,NEPTUNE,YARD (TT),9.0,9.0,1,9.0,71.43,71.43,71.43,,,,106.82,106.82,642.87,642.87
TRACTOR TRAILER,DAY,VANTERM,RAIL (TT),5.75,4.0,24,4.0,63.031666666666666,55.95,55.95,0.0,0.0,0.0,94.22250000000001,83.6,369.6741666666667,249.32
TRACTOR TRAILER,DAY,VANTERM,SHIP (TT),5.588235294117647,4.0,51,4.0,63.710588235294125,55.95,71.43,0.6724137931034483,1.0,1.0,92.00872549019607,83.6,402.4311,285.72
TRACTOR TRAILER,DAY,VANTERM,YARD (TT),7.25,8.0,4,8.0,57.555,54.17,54.17,0.5,0.5,0.0,86.3425,80.76,465.6875,499.25
TRACTOR TRAILER,GRAVEYARD,CENTENNIAL,BARGE (TT),6.833333333333333,6.5,3,6.5,88.32,89.13,89.13,0.6666666666666666,1.0,1.0,132.155,133.37,691.8933333333334,712.715
TRACTOR TRAILER,GRAVEYARD,CENTENNIAL,RAIL (HC),7.469613259668508,7.5,181,7.5,83.88005524861879,83.73,83.73,0.0,0.0,0.0,119.14831491712708,125.1,632.9704972375691,627.975
TRACTOR TRAILER,GRAVEYARD,CENTENNIAL,RAIL (TT),7.488362068965517,7.5,1740,7.5,88.00761494252873,86.7,86.7,0.015538674033149171,0.0,0.0,131.65861781609195,129.725,661.1846149425287,650.25
TRACTOR TRAILER,GRAVEYARD,CENTENNIAL,SHIP (TT),7.474047718710757,7.5,2389,7.5,87.5133151946421,86.7,86.7,0.016524787180771158,0.0,0.0,129.9623880284638,129.725,657.0874413735344,650.25
TRACTOR TRAILER,GRAVEYARD,CENTENNIAL,YARD (TT),7.269230769230769,7.5,13,7.5,80.66153846153846,86.7,89.13,0.3333333333333333,0.0,0.0,116.44769230769231,129.725,655.7465384615384,650.25
TRACTOR TRAILER,GRAVEYARD,DELTAPORT,RAIL (TT),6.958333333333333,6.75,12,6.5,88.1175,89.13,89.13,0.75,1.0,1.0,131.85125,133.37,712.0225,702.995
TRACTOR TRAILER,GRAVEYARD,DELTAPORT,SHIP (TT),7.119047619047619,7.5,21,7.5,86.69857142857143,86.7,89.13,0.475,0.0,0.0,129.83261904761906,129.73,675.9266666666667,668.475
TRACTOR TRAILER,GRAVEYARD,FRASER SURREY,RAIL (TT),6.5,6.5,1,6.5,85.07,85.07,85.07,1.0,1.0,1.0,85.07,85.07,638.025,638.025
TRACTOR TRAILER,GRAVEYARD,VANTERM,RAIL (TT),6.216666666666666,7.4,6,7.5,88.32,89.13,89.13,0.5,0.5,0.0,132.155,133.37,572.8773333333334,659.562
TRACTOR TRAILER,GRAVEYARD,VANTERM,SHIP (TT),6.9655172413793105,7.5,29,6.5,78.13586206896552,86.7,89.13,0.4444444444444444,0.25,0.0,116.5746551724138,129.725,571.2197413793103,646.03
TRACTOR TRAILER,GRAVEYARD,VANTERM,YARD (TT),6.5,6.5,1,6.5,89.13,89.13,89.13,1.0,1.0,1.0,133.37,133.37,712.715,712.715
TRACTOR TRAILER,NIGHT,CENTENNIAL,,9.0,9.0,3,9.0,97.46999999999998,100.0,86.07,0.0,0.0,0.0,110.51666666666667,101.47,877.23,900.0
TRACTOR TRAILER,NIGHT,CENTENNIAL,RAIL (HC),9.0,9.0,36,9.0,71.20722222222223,67.98,67.98,0.0,0.0,0.0,97.13805555555557,101.47,645.5031428571428,611.82
TRACTOR TRAILER,NIGHT,CENTENNIAL,RAIL (TT),8.980333670374115,9.0,989,9.0,76.3722649140546,70.32,70.32,0.008883248730964468,0.0,0.0,113.45378159757331,105.155,686.6203907987866,632.88
TRACTOR TRAILER,NIGHT,CENTENNIAL,SHIP (TT),8.886373707533235,9.0,1354,9.0,75.73050960118168,70.32,70.32,0.034955752212389384,0.0,0.0,111.59116322008863,105.155,675.8516004431315,632.88
TRACTOR TRAILER,NIGHT,CENTENNIAL,YARD (TT),8.833333333333334,9.0,6,9.0,79.21499999999999,78.195,70.32,0.5,0.5,0.0,118.46916666666668,116.88250000000001,720.025,717.525
TRACTOR TRAILER,NIGHT,DELTAPORT,RAIL (TT),8.46875,8.0,32,8.0,76.74312499999999,70.32,70.32,0.8387096774193549,1.0,1.0,114.77875,105.155,743.24875,738.035
TRACTOR TRAILER,NIGHT,DELTAPORT,SHIP (TT),8.157894736842104,8.0,38,8.0,74.99973684210526,70.32,85.07,0.8918918918918919,1.0,1.0,112.41407894736841,105.155,711.0781578947368,667.715
TRACTOR TRAILER,NIGHT,FRASER SURREY,RAIL (TT),10.5,10.5,1,10.5,70.32,70.32,70.32,,,,105.155,105.155,738.36,738.36
TRACTOR TRAILER,NIGHT,UNIVAR,RAIL (TT),8.0,8.0,1,8.0,89.13,89.13,89.13,0.5,0.5,0.5,133.37,133.37,779.725,779.725
TRACTOR TRAILER,NIGHT,VANTERM,RAIL (TT),6.583333333333333,8.0,18,8.0,74.35055555555556,70.32,70.32,1.0,1.0,1.0,111.20083333333334,105.155,543.1347222222222,650.2975
TRACTOR TRAILER,NIGHT,VANTERM,SHIP (TT),6.948717948717949,8.0,39,8.0,79.77384615384615,70.32,70.32,0.8203703703703703,1.0,1.0,118.20128205128206,105.155,625.6649358974358,667.715
TRAINER,DAY,CENTENNIAL,BLANK (TRNR),8.0,8.0,2,8.0,75.48,75.48,75.48,2.0,2.0,2.0,112.35,112.35,828.54,828.54
TRAINER,DAY,CENTENNIAL,SENIOR (TRNR),8.6,9.0,5,9.0,77.858,73.73,73.73,1.0,1.0,1.0,116.80799999999999,110.6,798.672,774.17
TRAINER,DAY,NEPTUNE,BLANK (TRNR),8.0,8.0,2,8.0,84.45,84.45,84.45,0.5,0.5,0.5,122.0,122.0,736.6,736.6
TRAINER,DAY,VANTERM,REGULAR,9.0,9.0,1,9.0,72.64,72.64,72.64,,,,108.96,108.96,653.76,653.76
TRAINER,GRAVEYARD,NEPTUNE,BLANK (TRNR),6.5,6.5,2,6.5,114.70833626,114.70833626,112.35,1.0,1.0,1.0,149.2375,149.2375,894.84168569,894.84168569
TRAINER,NIGHT,NEPTUNE,BLANK (TRNR),8.0,8.0,6,8.0,103.586671846,95.226671428,95.226671428,1.0,1.0,1.0,115.66000000000001,106.255,944.353374768,868.068371424
TRAINING,DAY,FRASER SURREY,,6.5,6.5,1,6.5,86.05,86.05,86.05,,,,129.075,129.075,559.325,559.325
TRAINING,DAY,LYNNTERM,,9.5,11.0,3,11.0,65.55,55.3,55.3,0.0,0.0,0.0,98.325,82.95,591.975,608.3
TRAINING,DAY,WATERFRONT TRAIN. CNTR,,4.5625,4.0,8,1.0,75.77125,55.3,55.3,,,,113.656875,82.95,334.99,373.275
WELDER,DAY,CENTENNIAL,,4.0,4.0,1,4.0,57.8,57.8,57.8,1.0,1.0,1.0,85.45,85.45,316.65,316.65
WELDER,DAY,LYNNTERM,,5.5,5.5,1,5.5,57.8,57.8,57.8,,,,82.95,82.95,317.9,317.9
WELDER,DAY,NEPTUNE,,7.5,7.5,2,7.5,57.95,57.95,57.95,1.5,1.5,1.5,85.6,85.6,624.3025,624.3025
WELDER,DAY,VAN WHARVES,,4.0,4.0,1,4.0,55.3,55.3,55.3,,,,82.95,82.95,221.2,221.2
WELDER,GRAVEYARD,NEPTUNE,,6.0,6.0,1,6.0,88.7,88.7,88.7,1.5,1.5,1.5,131.73,131.73,729.795,729.795
WHEAT MACHINE,DAY,ALLIANCE GRAIN,,7.5,7.5,9,7.5,63.173333333333325,55.8,55.8,0.5,0.5,0.5,94.51,83.45,521.055,460.225
WHEAT MACHINE,DAY,CARGILL,,7.5,7.5,6,7.5,70.54666666666667,55.8,55.8,0.5,0.5,0.5,105.57000000000001,83.45,581.8850000000001,460.225
WHEAT MACHINE,DAY,CASCADIA,,7.2,7.5,15,7.5,61.86333333333333,55.8,55.8,0.5,0.5,0.5,92.45866666666667,83.45,491.42816666666664,460.225
WHEAT MACHINE,DAY,G3,,6.863636363636363,7.5,11,7.5,65.27454545454545,55.8,54.32,0.45,0.5,0.5,97.51545454545455,83.45,482.98818181818183,460.225
WHEAT MACHINE,DAY,RICHARDSON,,7.212121212121212,7.5,33,7.5,64.26878787878788,55.8,55.8,0.4838709677419355,0.5,0.5,96.14348484848485,83.45,510.63606060606065,460.225
WHEAT MACHINE,DAY,VITERRA PAC,,7.5,7.5,10,7.5,69.09,55.8,55.8,0.5,0.5,0.5,103.321,83.45,569.8355,460.225
WHEAT MACHINE,GRAVEYARD,ALLIANCE GRAIN,,7.5,7.5,4,7.5,86.9725,87.515,83.88,0.5,0.5,0.5,130.31625,131.39749999999998,717.451875,722.06125
WHEAT MACHINE,GRAVEYARD,CASCADIA,,7.5,7.5,1,7.5,83.88,83.88,83.88,0.5,0.5,0.5,125.25,125.25,691.725,691.725
WHEAT MACHINE,GRAVEYARD,G3,,7.5,7.5,3,7.5,88.21999999999998,88.98,86.55,0.3333333333333333,0.5,0.5,132.05499999999998,133.22,727.6775000000001,733.96
WHEAT MACHINE,GRAVEYARD,RICHARDSON,,7.5,7.5,8,7.5,89.58875,86.55,86.55,0.5625,0.5,0.5,134.093125,129.575,747.0606250000001,713.9125
WHEAT MACHINE,GRAVEYARD,VITERRA PAC,,7.5,7.5,2,7.5,86.7,86.7,86.7,,,,129.65249999999997,129.65249999999997,715.0375,715.0375
WHEAT MACHINE,NIGHT,ALLIANCE GRAIN,,7.5,7.5,1,7.5,88.98,88.98,88.98,0.5,0.5,0.5,133.22,133.22,733.96,733.96
WHEAT MACHINE,NIGHT,CARGILL,,7.5,7.5,5,7.5,79.244,70.17,70.17,0.6,0.5,0.5,118.61599999999999,105.005,664.1385,631.28
WHEAT MACHINE,NIGHT,CASCADIA,,7.5,7.5,7,7.5,76.30142857142857,70.17,68.13,0.5,0.5,0.5,114.05357142857143,105.005,629.2875,578.7775
WHEAT MACHINE,NIGHT,G3,,7.5,7.5,10,7.5,74.649,70.17,70.17,0.5,0.5,0.5,111.56199999999998,105.005,615.6485,578.7775
WHEAT MACHINE,NIGHT,RICHARDSON,,7.5,7.5,9,7.5,75.90666666666667,70.17,70.17,0.5,0.5,0.5,113.53833333333334,105.005,626.0691666666667,578.7775
WHEAT MACHINE,NIGHT,VITERRA PAC,,7.5,7.5,5,7.5,69.354,70.17,70.17,0.5,0.5,0.5,103.651,105.005,571.9805,578.7775
WHEAT SPECIALTY,DAY,ALLIANCE GRAIN,,7.461904761904762,7.5,105,7.5,65.43142857142857,56.45,56.45,0.5,0.5,0.5,97.01023809523808,84.1,532.6941586538461,465.425
WHEAT SPECIALTY,DAY,CARGILL,,7.5,7.5,123,7.5,63.9620325203252,56.45,56.45,0.5043859649122807,0.5,0.5,95.00317073170731,84.1,525.0009349593496,465.425
WHEAT SPECIALTY,DAY,CASCADIA,,7.443359375,7.5,128,7.5,65.420625,56.45,56.45,0.49390243902439024,0.5,0.5,96.2308984375,84.1,531.794453125,465.425
WHEAT SPECIALTY,DAY,G3,,7.5,7.5,143,7.5,65.53517482517483,56.45,56.45,0.5,0.5,0.5,96.59582167832167,84.1,539.3744405594406,465.425
WHEAT SPECIALTY,DAY,RICHARDSON,,7.47953216374269,7.5,171,7.5,63.70614035087719,56.45,56.45,0.5,0.5,0.5,94.52973684210525,84.1,523.1677923976608,465.425
WHEAT SPECIALTY,DAY,VANTERM,,7.5,7.5,1,7.5,56.45,56.45,56.45,0.5,0.5,0.5,84.1,84.1,465.425,465.425
WHEAT SPECIALTY,DAY,VITERRA PAC,,7.4573170731707314,7.5,82,7.5,64.2169512195122,56.45,56.45,0.5,0.5,0.5,94.78798780487804,84.1,526.1183231707317,465.425
WHEAT SPECIALTY,DAY,WATERFRONT TRAIN. CNTR,,7.5,7.5,2,7.5,64.19,64.19,56.45,0.5,0.5,0.5,95.71,95.71,508.255,508.255
WHEAT SPECIALTY,GRAVEYARD,ALLIANCE GRAIN,,7.55,7.5,60,7.5,87.87866666666667,87.2,87.2,0.5,0.5,0.5,131.88841666666664,130.225,710.925,718.55
WHEAT SPECIALTY,GRAVEYARD,CARGILL,,7.454545454545454,7.5,11,7.5,85.59636363636363,83.88,83.88,0.5,0.5,0.5,127.965,125.25,690.1181818181818,691.725
WHEAT SPECIALTY,GRAVEYARD,CASCADIA,,7.383928571428571,7.5,56,7.5,87.71678571428572,87.2,87.2,0.5,0.5,0.5,131.0557142857143,130.225,709.6029017857143,719.1125
WHEAT SPECIALTY,GRAVEYARD,G3,,7.364583333333333,7.5,48,7.5,86.78895833333333,87.2,87.2,0.48936170212765956,0.5,0.5,128.76593749999998,130.225,700.7042708333333,718.2875
WHEAT SPECIALTY,GRAVEYARD,RICHARDSON,,7.490566037735849,7.5,53,7.5,87.56377358490566,87.2,87.2,0.5,0.5,0.5,130.80971698113208,130.225,718.8462264150943,719.1125
WHEAT SPECIALTY,GRAVEYARD,VITERRA PAC,,7.46,7.5,25,7.5,87.87440000000001,87.2,87.2,0.4791666666666667,0.5,0.5,131.2456,130.225,719.6517,719.1125
WHEAT SPECIALTY,GRAVEYARD,WATERFRONT TRAIN. CNTR,,6.0,6.0,1,6.0,87.2,87.2,87.2,0.5,0.5,0.5,130.225,130.225,588.3125,588.3125
WHEAT SPECIALTY,NIGHT,ALLIANCE GRAIN,,7.344444444444444,7.5,45,7.5,90.33577777777776,70.82,70.82,0.5,0.5,0.5,113.79644444444445,105.655,635.5516666666666,583.9775
WHEAT SPECIALTY,NIGHT,CARGILL,,7.5,7.5,56,7.5,75.34267857142856,70.82,70.82,0.49019607843137253,0.5,0.5,109.56482142857143,105.655,611.7025892857143,583.9775
WHEAT SPECIALTY,NIGHT,CASCADIA,,7.5,7.5,37,7.5,79.64405405405405,70.82,70.82,0.5,0.5,0.5,113.92331081081082,105.655,651.318581081081,583.9775
WHEAT SPECIALTY,NIGHT,G3,,7.5,7.5,85,7.5,76.5789411764706,70.82,70.82,0.5421686746987951,0.5,0.5,114.38738235294117,105.655,634.5261764705882,583.9775
WHEAT SPECIALTY,NIGHT,RICHARDSON,,7.5,7.5,100,7.5,77.28359999999999,70.82,70.82,0.4941860465116279,0.5,0.5,114.74525,105.655,629.11525,583.9775
WHEAT SPECIALTY,NIGHT,VITERRA PAC,,7.5,7.5,38,7.5,76.37473684210526,70.82,70.82,0.5,0.5,0.5,110.6503947368421,105.655,625.3183552631579,583.9775
WINCH DRIVER,DAY,CANADA PLACE,,7.0,7.0,4,7.0,77.865,71.78,71.78,1.5,1.5,1.0,116.29750000000001,107.17,709.1324999999999,663.2149999999999
WINCH DRIVER,GRAVEYARD,CHEMTRADE,,0.0,0.0,1,0.0,87.05,87.05,87.05,5.0,5.0,5.0,130.075,130.075,650.375,650.375
